date,usd_cny_rate,selected_time_col,readable_status,ocr_review_file,header_visible_in_slice,source_image,source_platform,source_method,data_quality_level,record_status,date_dt,header_rank,week_id,natural_week_start,natural_week_end
2026-01-16,6.9694,20:00_or_rightmost_visible, 2026-01-16 | 6.9694 | readable from rightmost visible column; header not visible; weekly last visible trading day ,fx-screenshot-small-slices/fx-slice-07-review.md,False,output/半年汇率表.png,中国外汇交易中心历史参考汇率截图,long_screenshot_ocr,B_screenshot_ocr_header_inferred,ocr_extracted_from_user_screenshot_needs_spot_check,2026-01-16,0,2026-W03,2026-01-12,2026-01-18
2026-01-23,6.9634,20:00_or_rightmost_visible, 2026-01-23 | 6.9634 | readable from rightmost visible column; header not visible; weekly last visible trading day ,fx-screenshot-small-slices/fx-slice-07-review.md,False,output/半年汇率表.png,中国外汇交易中心历史参考汇率截图,long_screenshot_ocr,B_screenshot_ocr_header_inferred,ocr_extracted_from_user_screenshot_needs_spot_check,2026-01-23,0,2026-W04,2026-01-19,2026-01-25
2026-01-30,6.9494,20:00_or_rightmost_visible, 2026-01-30 | 6.9494 | readable from rightmost visible column; header not visible; weekly last visible trading day ,fx-screenshot-small-slices/fx-slice-07-review.md,False,output/半年汇率表.png,中国外汇交易中心历史参考汇率截图,long_screenshot_ocr,B_screenshot_ocr_header_inferred,ocr_extracted_from_user_screenshot_needs_spot_check,2026-01-30,0,2026-W05,2026-01-26,2026-02-01
2026-02-06,6.9385,20:00_or_rightmost_visible, 2026-02-06 | 6.9385 | readable; weekly last visible trading day ,fx-screenshot-small-slices/fx-slice-06-review.md,False,output/半年汇率表.png,中国外汇交易中心历史参考汇率截图,long_screenshot_ocr,B_screenshot_ocr_header_inferred,ocr_extracted_from_user_screenshot_needs_spot_check,2026-02-06,0,2026-W06,2026-02-02,2026-02-08
2026-02-13,6.9083,20:00_or_rightmost_visible, 2026-02-13 | 6.9083 | readable; weekly last visible trading day ,fx-screenshot-small-slices/fx-slice-06-review.md,False,output/半年汇率表.png,中国外汇交易中心历史参考汇率截图,long_screenshot_ocr,B_screenshot_ocr_header_inferred,ocr_extracted_from_user_screenshot_needs_spot_check,2026-02-13,0,2026-W07,2026-02-09,2026-02-15
2026-02-27,6.8596,20:00_or_rightmost_visible, 2026-02-27 | 6.8596 | readable; weekly last visible trading day ,fx-screenshot-small-slices/fx-slice-06-review.md,False,output/半年汇率表.png,中国外汇交易中心历史参考汇率截图,long_screenshot_ocr,B_screenshot_ocr_header_inferred,ocr_extracted_from_user_screenshot_needs_spot_check,2026-02-27,0,2026-W09,2026-02-23,2026-03-01
2026-03-06,6.9073,20:00_or_rightmost_visible, 2026-03-06 | 6.9073 | readable; WEEK_LAST_VISIBLE ,fx-screenshot-small-slices/fx-slice-05-review.md,False,output/半年汇率表.png,中国外汇交易中心历史参考汇率截图,long_screenshot_ocr,B_screenshot_ocr_header_inferred,ocr_extracted_from_user_screenshot_needs_spot_check,2026-03-06,0,2026-W10,2026-03-02,2026-03-08
2026-03-13,6.8943,20:00_or_rightmost_visible, 2026-03-13 | 6.8943 | readable; WEEK_LAST_VISIBLE ,fx-screenshot-small-slices/fx-slice-05-review.md,False,output/半年汇率表.png,中国外汇交易中心历史参考汇率截图,long_screenshot_ocr,B_screenshot_ocr_header_inferred,ocr_extracted_from_user_screenshot_needs_spot_check,2026-03-13,0,2026-W11,2026-03-09,2026-03-15
2026-03-20,6.8898,20:00_or_rightmost_visible, 2026-03-20 | 6.8898 | readable; WEEK_LAST_VISIBLE ,fx-screenshot-small-slices/fx-slice-05-review.md,False,output/半年汇率表.png,中国外汇交易中心历史参考汇率截图,long_screenshot_ocr,B_screenshot_ocr_header_inferred,ocr_extracted_from_user_screenshot_needs_spot_check,2026-03-20,0,2026-W12,2026-03-16,2026-03-22
2026-03-27,6.9125,20:00_or_rightmost_visible, 2026-03-27 ★ | 6.9125 | value readable; column header not visible; weekly last visible trading day ,fx-screenshot-small-slices/fx-slice-04-review.md,False,output/半年汇率表.png,中国外汇交易中心历史参考汇率截图,long_screenshot_ocr,B_screenshot_ocr_header_inferred,ocr_extracted_from_user_screenshot_needs_spot_check,2026-03-27,0,2026-W13,2026-03-23,2026-03-29
2026-04-03,6.8806,20:00_or_rightmost_visible, 2026-04-03 ★ | 6.8806 | value readable; column header not visible; weekly last visible trading day ,fx-screenshot-small-slices/fx-slice-04-review.md,False,output/半年汇率表.png,中国外汇交易中心历史参考汇率截图,long_screenshot_ocr,B_screenshot_ocr_header_inferred,ocr_extracted_from_user_screenshot_needs_spot_check,2026-04-03,0,2026-W14,2026-03-30,2026-04-05
2026-04-10,6.8283,20:00_or_rightmost_visible, 2026-04-10 ★ | 6.8283 | value readable; column header not visible; weekly last visible trading day ,fx-screenshot-small-slices/fx-slice-04-review.md,False,output/半年汇率表.png,中国外汇交易中心历史参考汇率截图,long_screenshot_ocr,B_screenshot_ocr_header_inferred,ocr_extracted_from_user_screenshot_needs_spot_check,2026-04-10,0,2026-W15,2026-04-06,2026-04-12
2026-04-17,6.8224,20:00_or_rightmost_visible, 2026-04-17 | 6.8224 | readable; header cropped/unverified; weekly last visible trading day ,fx-screenshot-small-slices/fx-slice-03-review.md,False,output/半年汇率表.png,中国外汇交易中心历史参考汇率截图,long_screenshot_ocr,B_screenshot_ocr_header_inferred,ocr_extracted_from_user_screenshot_needs_spot_check,2026-04-17,0,2026-W16,2026-04-13,2026-04-19
2026-04-24,6.833,20:00_or_rightmost_visible, 2026-04-24 | 6.8330 | readable; header cropped/unverified; weekly last visible trading day ,fx-screenshot-small-slices/fx-slice-03-review.md,False,output/半年汇率表.png,中国外汇交易中心历史参考汇率截图,long_screenshot_ocr,B_screenshot_ocr_header_inferred,ocr_extracted_from_user_screenshot_needs_spot_check,2026-04-24,0,2026-W17,2026-04-20,2026-04-26
2026-04-30,6.8288,20:00_or_rightmost_visible, 2026-04-30 | 6.8288 | readable; header cropped/unverified; weekly last visible trading day ,fx-screenshot-small-slices/fx-slice-03-review.md,False,output/半年汇率表.png,中国外汇交易中心历史参考汇率截图,long_screenshot_ocr,B_screenshot_ocr_header_inferred,ocr_extracted_from_user_screenshot_needs_spot_check,2026-04-30,0,2026-W18,2026-04-27,2026-05-03
2026-05-08,6.8012,20:00_or_rightmost_visible, 2026-05-08 | 6.8012 | Readable; weekly_last_visible ,fx-screenshot-small-slices/fx-slice-02-review.md,False,output/半年汇率表.png,中国外汇交易中心历史参考汇率截图,long_screenshot_ocr,B_screenshot_ocr_header_inferred,ocr_extracted_from_user_screenshot_needs_spot_check,2026-05-08,0,2026-W19,2026-05-04,2026-05-10
2026-05-15,6.8061,20:00_or_rightmost_visible, 2026-05-15 | 6.8061 | Readable; weekly_last_visible ,fx-screenshot-small-slices/fx-slice-02-review.md,False,output/半年汇率表.png,中国外汇交易中心历史参考汇率截图,long_screenshot_ocr,B_screenshot_ocr_header_inferred,ocr_extracted_from_user_screenshot_needs_spot_check,2026-05-15,0,2026-W20,2026-05-11,2026-05-17
2026-05-22,6.795,20:00_or_rightmost_visible, 2026-05-22 | 6.7950 | Readable; weekly_last_visible ,fx-screenshot-small-slices/fx-slice-02-review.md,False,output/半年汇率表.png,中国外汇交易中心历史参考汇率截图,long_screenshot_ocr,B_screenshot_ocr_header_inferred,ocr_extracted_from_user_screenshot_needs_spot_check,2026-05-22,0,2026-W21,2026-05-18,2026-05-24
2026-05-28,6.7805,20:00_or_rightmost_visible," 2026-05-28 | 6.7805 | Latest visible date in the screenshot; may be usable as a visible weekly/latest representative value, but official weekly representative status is UNCLEAR from this cropped view. ",fx-screenshot-small-slices/fx-slice-01-review.md,True,output/半年汇率表.png,中国外汇交易中心历史参考汇率截图,long_screenshot_ocr,B_screenshot_ocr_official_page,ocr_extracted_from_user_screenshot,2026-05-28,1,2026-W22,2026-05-25,2026-05-31
