src,dest,action
01-raw-data\collection-reports\current-file-status.csv,01-raw-data\collection-reports\archive\old-inventories\current-file-status.csv,move_archive
01-raw-data\collection-reports\current-gap-inventory.csv,01-raw-data\collection-reports\archive\diagnostics\current-gap-inventory.csv,move_archive
01-raw-data\collection-reports\fred接口采集结果.csv,01-raw-data\collection-reports\archive\old-reports\fred接口采集结果.csv,move_archive
01-raw-data\collection-reports\sse_ccfi_2026-05-08.html,01-raw-data\collection-reports\archive\old-reports\sse_ccfi_2026-05-08.html,move_archive
01-raw-data\collection-reports\sse_ccfi_2026-05-09.html,01-raw-data\collection-reports\archive\old-reports\sse_ccfi_2026-05-09.html,move_archive
01-raw-data\collection-reports\sse_ccfi_2026-05-15.html,01-raw-data\collection-reports\archive\old-reports\sse_ccfi_2026-05-15.html,move_archive
01-raw-data\collection-reports\sse_ccfi_2026-05-16.html,01-raw-data\collection-reports\archive\old-reports\sse_ccfi_2026-05-16.html,move_archive
01-raw-data\collection-reports\sse_ccfi_2026-05-22.html,01-raw-data\collection-reports\archive\old-reports\sse_ccfi_2026-05-22.html,move_archive
01-raw-data\collection-reports\sse_ccfi_2026-05-23.html,01-raw-data\collection-reports\archive\old-reports\sse_ccfi_2026-05-23.html,move_archive
01-raw-data\collection-reports\sse_ccfi_list.html,01-raw-data\collection-reports\archive\old-reports\sse_ccfi_list.html,move_archive
01-raw-data\collection-reports\sse_ccfi_mutipleIndex_raw.json,01-raw-data\collection-reports\archive\old-reports\sse_ccfi_mutipleIndex_raw.json,move_archive
01-raw-data\collection-reports\sse_ccfi_mutiple_with_csrf.json,01-raw-data\collection-reports\archive\diagnostics\sse_ccfi_mutiple_with_csrf.json,move_archive
01-raw-data\collection-reports\sse_ccfi_page.html,01-raw-data\collection-reports\archive\old-reports\sse_ccfi_page.html,move_archive
01-raw-data\collection-reports\sse_ccfi_script_0.js,01-raw-data\collection-reports\archive\old-reports\sse_ccfi_script_0.js,move_archive
01-raw-data\collection-reports\sse_ccfi_script_1.js,01-raw-data\collection-reports\archive\old-reports\sse_ccfi_script_1.js,move_archive
01-raw-data\collection-reports\sse_ccfi_script_2.js,01-raw-data\collection-reports\archive\old-reports\sse_ccfi_script_2.js,move_archive
01-raw-data\collection-reports\sse_ccfi_script_3.js,01-raw-data\collection-reports\archive\old-reports\sse_ccfi_script_3.js,move_archive
01-raw-data\collection-reports\sse_ccfi_table_0.csv,01-raw-data\collection-reports\archive\old-reports\sse_ccfi_table_0.csv,move_archive
01-raw-data\collection-reports\sse_mutipleIndex_csrf重试结果.csv,01-raw-data\collection-reports\archive\diagnostics\sse_mutipleIndex_csrf重试结果.csv,move_archive
01-raw-data\collection-reports\sse_mutipleIndex接口采集结果.csv,01-raw-data\collection-reports\archive\old-reports\sse_mutipleIndex接口采集结果.csv,move_archive
01-raw-data\collection-reports\sse_scfis_2026-05-08.html,01-raw-data\collection-reports\archive\old-reports\sse_scfis_2026-05-08.html,move_archive
01-raw-data\collection-reports\sse_scfis_2026-05-09.html,01-raw-data\collection-reports\archive\old-reports\sse_scfis_2026-05-09.html,move_archive
01-raw-data\collection-reports\sse_scfis_2026-05-15.html,01-raw-data\collection-reports\archive\old-reports\sse_scfis_2026-05-15.html,move_archive
01-raw-data\collection-reports\sse_scfis_2026-05-16.html,01-raw-data\collection-reports\archive\old-reports\sse_scfis_2026-05-16.html,move_archive
01-raw-data\collection-reports\sse_scfis_2026-05-22.html,01-raw-data\collection-reports\archive\old-reports\sse_scfis_2026-05-22.html,move_archive
01-raw-data\collection-reports\sse_scfis_2026-05-23.html,01-raw-data\collection-reports\archive\old-reports\sse_scfis_2026-05-23.html,move_archive
01-raw-data\collection-reports\sse_scfis_list.html,01-raw-data\collection-reports\archive\old-reports\sse_scfis_list.html,move_archive
01-raw-data\collection-reports\sse_scfis_mutipleIndex_raw.json,01-raw-data\collection-reports\archive\old-reports\sse_scfis_mutipleIndex_raw.json,move_archive
01-raw-data\collection-reports\sse_scfis_mutiple_with_csrf.json,01-raw-data\collection-reports\archive\diagnostics\sse_scfis_mutiple_with_csrf.json,move_archive
01-raw-data\collection-reports\sse_scfis_page.html,01-raw-data\collection-reports\archive\old-reports\sse_scfis_page.html,move_archive
01-raw-data\collection-reports\sse_scfis_script_0.js,01-raw-data\collection-reports\archive\old-reports\sse_scfis_script_0.js,move_archive
01-raw-data\collection-reports\sse_scfis_script_1.js,01-raw-data\collection-reports\archive\old-reports\sse_scfis_script_1.js,move_archive
01-raw-data\collection-reports\sse_scfis_script_2.js,01-raw-data\collection-reports\archive\old-reports\sse_scfis_script_2.js,move_archive
01-raw-data\collection-reports\sse_scfis_script_3.js,01-raw-data\collection-reports\archive\old-reports\sse_scfis_script_3.js,move_archive
01-raw-data\collection-reports\sse_scfis_table_0.csv,01-raw-data\collection-reports\archive\old-reports\sse_scfis_table_0.csv,move_archive
01-raw-data\collection-reports\sse_scfis_table_1.csv,01-raw-data\collection-reports\archive\old-reports\sse_scfis_table_1.csv,move_archive
01-raw-data\collection-reports\sse_scfi_2026-05-08.html,01-raw-data\collection-reports\archive\old-reports\sse_scfi_2026-05-08.html,move_archive
01-raw-data\collection-reports\sse_scfi_2026-05-09.html,01-raw-data\collection-reports\archive\old-reports\sse_scfi_2026-05-09.html,move_archive
01-raw-data\collection-reports\sse_scfi_2026-05-15.html,01-raw-data\collection-reports\archive\old-reports\sse_scfi_2026-05-15.html,move_archive
01-raw-data\collection-reports\sse_scfi_2026-05-16.html,01-raw-data\collection-reports\archive\old-reports\sse_scfi_2026-05-16.html,move_archive
01-raw-data\collection-reports\sse_scfi_2026-05-22.html,01-raw-data\collection-reports\archive\old-reports\sse_scfi_2026-05-22.html,move_archive
01-raw-data\collection-reports\sse_scfi_2026-05-23.html,01-raw-data\collection-reports\archive\old-reports\sse_scfi_2026-05-23.html,move_archive
01-raw-data\collection-reports\sse_scfi_list.html,01-raw-data\collection-reports\archive\old-reports\sse_scfi_list.html,move_archive
01-raw-data\collection-reports\sse_scfi_mutipleIndex_raw.json,01-raw-data\collection-reports\archive\old-reports\sse_scfi_mutipleIndex_raw.json,move_archive
01-raw-data\collection-reports\sse_scfi_mutiple_with_csrf.json,01-raw-data\collection-reports\archive\diagnostics\sse_scfi_mutiple_with_csrf.json,move_archive
01-raw-data\collection-reports\sse_scfi_page.html,01-raw-data\collection-reports\archive\old-reports\sse_scfi_page.html,move_archive
01-raw-data\collection-reports\sse_scfi_script_0.js,01-raw-data\collection-reports\archive\old-reports\sse_scfi_script_0.js,move_archive
01-raw-data\collection-reports\sse_scfi_script_1.js,01-raw-data\collection-reports\archive\old-reports\sse_scfi_script_1.js,move_archive
01-raw-data\collection-reports\sse_scfi_script_2.js,01-raw-data\collection-reports\archive\old-reports\sse_scfi_script_2.js,move_archive
01-raw-data\collection-reports\sse_scfi_script_3.js,01-raw-data\collection-reports\archive\old-reports\sse_scfi_script_3.js,move_archive
01-raw-data\collection-reports\sse_scfi_table_0.csv,01-raw-data\collection-reports\archive\old-reports\sse_scfi_table_0.csv,move_archive
01-raw-data\collection-reports\sse_scfi_table_1.csv,01-raw-data\collection-reports\archive\old-reports\sse_scfi_table_1.csv,move_archive
01-raw-data\collection-reports\sse_single_ccfi_2026-03-20.html,01-raw-data\collection-reports\archive\old-reports\sse_single_ccfi_2026-03-20.html,move_archive
01-raw-data\collection-reports\sse_single_ccfi_2026-03-20_table_0.csv,01-raw-data\collection-reports\archive\old-reports\sse_single_ccfi_2026-03-20_table_0.csv,move_archive
01-raw-data\collection-reports\sse_single_ccfi_2026-04-17.html,01-raw-data\collection-reports\archive\old-reports\sse_single_ccfi_2026-04-17.html,move_archive
01-raw-data\collection-reports\sse_single_ccfi_2026-04-17_table_0.csv,01-raw-data\collection-reports\archive\old-reports\sse_single_ccfi_2026-04-17_table_0.csv,move_archive
01-raw-data\collection-reports\sse_single_ccfi_2026-05-15.html,01-raw-data\collection-reports\archive\old-reports\sse_single_ccfi_2026-05-15.html,move_archive
01-raw-data\collection-reports\sse_single_ccfi_2026-05-15_table_0.csv,01-raw-data\collection-reports\archive\old-reports\sse_single_ccfi_2026-05-15_table_0.csv,move_archive
01-raw-data\collection-reports\sse_single_ccfi_2026-05-22.html,01-raw-data\collection-reports\archive\old-reports\sse_single_ccfi_2026-05-22.html,move_archive
01-raw-data\collection-reports\sse_single_ccfi_2026-05-22_table_0.csv,01-raw-data\collection-reports\archive\old-reports\sse_single_ccfi_2026-05-22_table_0.csv,move_archive
01-raw-data\collection-reports\sse_single_scfis_2026-03-20.html,01-raw-data\collection-reports\archive\old-reports\sse_single_scfis_2026-03-20.html,move_archive
01-raw-data\collection-reports\sse_single_scfis_2026-03-20_table_0.csv,01-raw-data\collection-reports\archive\old-reports\sse_single_scfis_2026-03-20_table_0.csv,move_archive
01-raw-data\collection-reports\sse_single_scfis_2026-04-17.html,01-raw-data\collection-reports\archive\old-reports\sse_single_scfis_2026-04-17.html,move_archive
01-raw-data\collection-reports\sse_single_scfis_2026-04-17_table_0.csv,01-raw-data\collection-reports\archive\old-reports\sse_single_scfis_2026-04-17_table_0.csv,move_archive
01-raw-data\collection-reports\sse_single_scfis_2026-05-15.html,01-raw-data\collection-reports\archive\old-reports\sse_single_scfis_2026-05-15.html,move_archive
01-raw-data\collection-reports\sse_single_scfis_2026-05-15_table_0.csv,01-raw-data\collection-reports\archive\old-reports\sse_single_scfis_2026-05-15_table_0.csv,move_archive
01-raw-data\collection-reports\sse_single_scfis_2026-05-22.html,01-raw-data\collection-reports\archive\old-reports\sse_single_scfis_2026-05-22.html,move_archive
01-raw-data\collection-reports\sse_single_scfis_2026-05-22_table_0.csv,01-raw-data\collection-reports\archive\old-reports\sse_single_scfis_2026-05-22_table_0.csv,move_archive
01-raw-data\collection-reports\sse_single_scfi_2026-03-20.html,01-raw-data\collection-reports\archive\old-reports\sse_single_scfi_2026-03-20.html,move_archive
01-raw-data\collection-reports\sse_single_scfi_2026-03-20_table_0.csv,01-raw-data\collection-reports\archive\old-reports\sse_single_scfi_2026-03-20_table_0.csv,move_archive
01-raw-data\collection-reports\sse_single_scfi_2026-04-17.html,01-raw-data\collection-reports\archive\old-reports\sse_single_scfi_2026-04-17.html,move_archive
01-raw-data\collection-reports\sse_single_scfi_2026-04-17_table_0.csv,01-raw-data\collection-reports\archive\old-reports\sse_single_scfi_2026-04-17_table_0.csv,move_archive
01-raw-data\collection-reports\sse_single_scfi_2026-05-15.html,01-raw-data\collection-reports\archive\old-reports\sse_single_scfi_2026-05-15.html,move_archive
01-raw-data\collection-reports\sse_single_scfi_2026-05-15_table_0.csv,01-raw-data\collection-reports\archive\old-reports\sse_single_scfi_2026-05-15_table_0.csv,move_archive
01-raw-data\collection-reports\sse_single_scfi_2026-05-22.html,01-raw-data\collection-reports\archive\old-reports\sse_single_scfi_2026-05-22.html,move_archive
01-raw-data\collection-reports\sse_single_scfi_2026-05-22_table_0.csv,01-raw-data\collection-reports\archive\old-reports\sse_single_scfi_2026-05-22_table_0.csv,move_archive
01-raw-data\collection-reports\sse列表表格解析摘要.csv,01-raw-data\collection-reports\archive\old-inventories\sse列表表格解析摘要.csv,move_archive
01-raw-data\collection-reports\sse单期公开查询探测.csv,01-raw-data\collection-reports\archive\diagnostics\sse单期公开查询探测.csv,move_archive
01-raw-data\collection-reports\sse单期查询测试.csv,01-raw-data\collection-reports\archive\diagnostics\sse单期查询测试.csv,move_archive
01-raw-data\collection-reports\sse单期逐周抓取日志.csv,01-raw-data\collection-reports\archive\old-reports\sse单期逐周抓取日志.csv,move_archive
01-raw-data\collection-reports\sse多期页面测试.csv,01-raw-data\collection-reports\archive\diagnostics\sse多期页面测试.csv,move_archive
01-raw-data\collection-reports\sse页面接口探查.csv,01-raw-data\collection-reports\archive\old-reports\sse页面接口探查.csv,move_archive
01-raw-data\collection-reports\备用行情源采集结果.csv,01-raw-data\collection-reports\archive\old-reports\备用行情源采集结果.csv,move_archive
01-raw-data\collection-reports\完整数据采集执行报告.csv,01-raw-data\collection-reports\archive\old-reports\完整数据采集执行报告.csv,move_archive
01-raw-data\collection-reports\完整数据采集执行报告.md,01-raw-data\collection-reports\archive\old-reports\完整数据采集执行报告.md,move_archive
01-raw-data\collection-reports\采集接口连通性测试.csv,01-raw-data\collection-reports\archive\diagnostics\采集接口连通性测试.csv,move_archive
01-raw-data\collection-drafts\manual-weekly\baidu_2026年05月05日_维运网_集运周报_SCFI_上海航运交易所.html,01-raw-data\collection-reports\archive\draft-probes\manual-weekly\baidu_2026年05月05日_维运网_集运周报_SCFI_上海航运交易所.html,move_draft_probe_archive
01-raw-data\collection-drafts\manual-weekly\baidu_2026年05月12日_维运网_集运周报_SCFI_1954_21_1596_2463_2826_3812.html,01-raw-data\collection-reports\archive\draft-probes\manual-weekly\baidu_2026年05月12日_维运网_集运周报_SCFI_1954_21_1596_2463_2826_3812.html,move_draft_probe_archive
01-raw-data\collection-drafts\manual-weekly\baidu_2026年05月19日_维运网_集运周报_SCFI_2140_66_1816_3145_3118_4224.html,01-raw-data\collection-reports\archive\draft-probes\manual-weekly\baidu_2026年05月19日_维运网_集运周报_SCFI_2140_66_1816_3145_3118_4224.html,move_draft_probe_archive
01-raw-data\collection-drafts\manual-weekly\ccfi_2026_04_03_get_form.html,01-raw-data\collection-reports\archive\draft-probes\manual-weekly\ccfi_2026_04_03_get_form.html,move_draft_probe_archive
01-raw-data\collection-drafts\manual-weekly\ccfi_2026_04_03_https_www_sse_net_cn_index_ccfilist_date_2026_04_03.html,01-raw-data\collection-reports\archive\draft-probes\manual-weekly\ccfi_2026_04_03_https_www_sse_net_cn_index_ccfilist_date_2026_04_03.html,move_draft_probe_archive
01-raw-data\collection-drafts\manual-weekly\ccfi_2026_04_03_https_www_sse_net_cn_index_singleIndex_indexType_ccfi_date_2026_04_03.html,01-raw-data\collection-reports\archive\draft-probes\manual-weekly\ccfi_2026_04_03_https_www_sse_net_cn_index_singleIndex_indexType_ccfi_date_2026_04_03.html,move_draft_probe_archive
01-raw-data\collection-drafts\manual-weekly\ccfi_2026_04_03_https_www_sse_net_cn_index_singleIndex_indexType_ccfi_publishDate_2026_04_03.html,01-raw-data\collection-reports\archive\draft-probes\manual-weekly\ccfi_2026_04_03_https_www_sse_net_cn_index_singleIndex_indexType_ccfi_publishDate_2026_04_03.html,move_draft_probe_archive
01-raw-data\collection-drafts\manual-weekly\ccfi_2026_04_03_post_form.html,01-raw-data\collection-reports\archive\draft-probes\manual-weekly\ccfi_2026_04_03_post_form.html,move_draft_probe_archive
01-raw-data\collection-drafts\manual-weekly\ccfi_2026_04_10_get_form.html,01-raw-data\collection-reports\archive\draft-probes\manual-weekly\ccfi_2026_04_10_get_form.html,move_draft_probe_archive
01-raw-data\collection-drafts\manual-weekly\ccfi_2026_04_10_https_www_sse_net_cn_index_ccfilist_date_2026_04_10.html,01-raw-data\collection-reports\archive\draft-probes\manual-weekly\ccfi_2026_04_10_https_www_sse_net_cn_index_ccfilist_date_2026_04_10.html,move_draft_probe_archive
01-raw-data\collection-drafts\manual-weekly\ccfi_2026_04_10_https_www_sse_net_cn_index_singleIndex_indexType_ccfi_date_2026_04_10.html,01-raw-data\collection-reports\archive\draft-probes\manual-weekly\ccfi_2026_04_10_https_www_sse_net_cn_index_singleIndex_indexType_ccfi_date_2026_04_10.html,move_draft_probe_archive
01-raw-data\collection-drafts\manual-weekly\ccfi_2026_04_10_https_www_sse_net_cn_index_singleIndex_indexType_ccfi_publishDate_2026_04_10.html,01-raw-data\collection-reports\archive\draft-probes\manual-weekly\ccfi_2026_04_10_https_www_sse_net_cn_index_singleIndex_indexType_ccfi_publishDate_2026_04_10.html,move_draft_probe_archive
01-raw-data\collection-drafts\manual-weekly\ccfi_2026_04_10_post_form.html,01-raw-data\collection-reports\archive\draft-probes\manual-weekly\ccfi_2026_04_10_post_form.html,move_draft_probe_archive
01-raw-data\collection-drafts\manual-weekly\ccfi_2026_04_17_get_form.html,01-raw-data\collection-reports\archive\draft-probes\manual-weekly\ccfi_2026_04_17_get_form.html,move_draft_probe_archive
01-raw-data\collection-drafts\manual-weekly\ccfi_2026_04_17_https_www_sse_net_cn_index_ccfilist_date_2026_04_17.html,01-raw-data\collection-reports\archive\draft-probes\manual-weekly\ccfi_2026_04_17_https_www_sse_net_cn_index_ccfilist_date_2026_04_17.html,move_draft_probe_archive
01-raw-data\collection-drafts\manual-weekly\ccfi_2026_04_17_https_www_sse_net_cn_index_singleIndex_indexType_ccfi_date_2026_04_17.html,01-raw-data\collection-reports\archive\draft-probes\manual-weekly\ccfi_2026_04_17_https_www_sse_net_cn_index_singleIndex_indexType_ccfi_date_2026_04_17.html,move_draft_probe_archive
01-raw-data\collection-drafts\manual-weekly\ccfi_2026_04_17_https_www_sse_net_cn_index_singleIndex_indexType_ccfi_publishDate_2026_04_17.html,01-raw-data\collection-reports\archive\draft-probes\manual-weekly\ccfi_2026_04_17_https_www_sse_net_cn_index_singleIndex_indexType_ccfi_publishDate_2026_04_17.html,move_draft_probe_archive
01-raw-data\collection-drafts\manual-weekly\ccfi_2026_04_17_post_form.html,01-raw-data\collection-reports\archive\draft-probes\manual-weekly\ccfi_2026_04_17_post_form.html,move_draft_probe_archive
01-raw-data\collection-drafts\manual-weekly\ccfi_2026_04_24_get_form.html,01-raw-data\collection-reports\archive\draft-probes\manual-weekly\ccfi_2026_04_24_get_form.html,move_draft_probe_archive
01-raw-data\collection-drafts\manual-weekly\ccfi_2026_04_24_https_www_sse_net_cn_index_ccfilist_date_2026_04_24.html,01-raw-data\collection-reports\archive\draft-probes\manual-weekly\ccfi_2026_04_24_https_www_sse_net_cn_index_ccfilist_date_2026_04_24.html,move_draft_probe_archive
01-raw-data\collection-drafts\manual-weekly\ccfi_2026_04_24_https_www_sse_net_cn_index_singleIndex_indexType_ccfi_date_2026_04_24.html,01-raw-data\collection-reports\archive\draft-probes\manual-weekly\ccfi_2026_04_24_https_www_sse_net_cn_index_singleIndex_indexType_ccfi_date_2026_04_24.html,move_draft_probe_archive
01-raw-data\collection-drafts\manual-weekly\ccfi_2026_04_24_https_www_sse_net_cn_index_singleIndex_indexType_ccfi_publishDate_2026_04_24.html,01-raw-data\collection-reports\archive\draft-probes\manual-weekly\ccfi_2026_04_24_https_www_sse_net_cn_index_singleIndex_indexType_ccfi_publishDate_2026_04_24.html,move_draft_probe_archive
01-raw-data\collection-drafts\manual-weekly\ccfi_2026_04_24_post_form.html,01-raw-data\collection-reports\archive\draft-probes\manual-weekly\ccfi_2026_04_24_post_form.html,move_draft_probe_archive
01-raw-data\collection-drafts\manual-weekly\ccfi_2026_05_01_get_form.html,01-raw-data\collection-reports\archive\draft-probes\manual-weekly\ccfi_2026_05_01_get_form.html,move_draft_probe_archive
01-raw-data\collection-drafts\manual-weekly\ccfi_2026_05_01_https_www_sse_net_cn_index_ccfilist_date_2026_05_01.html,01-raw-data\collection-reports\archive\draft-probes\manual-weekly\ccfi_2026_05_01_https_www_sse_net_cn_index_ccfilist_date_2026_05_01.html,move_draft_probe_archive
01-raw-data\collection-drafts\manual-weekly\ccfi_2026_05_01_https_www_sse_net_cn_index_singleIndex_indexType_ccfi_date_2026_05_01.html,01-raw-data\collection-reports\archive\draft-probes\manual-weekly\ccfi_2026_05_01_https_www_sse_net_cn_index_singleIndex_indexType_ccfi_date_2026_05_01.html,move_draft_probe_archive
01-raw-data\collection-drafts\manual-weekly\ccfi_2026_05_01_https_www_sse_net_cn_index_singleIndex_indexType_ccfi_publishDate_2026_05_01.html,01-raw-data\collection-reports\archive\draft-probes\manual-weekly\ccfi_2026_05_01_https_www_sse_net_cn_index_singleIndex_indexType_ccfi_publishDate_2026_05_01.html,move_draft_probe_archive
01-raw-data\collection-drafts\manual-weekly\ccfi_2026_05_01_post_form.html,01-raw-data\collection-reports\archive\draft-probes\manual-weekly\ccfi_2026_05_01_post_form.html,move_draft_probe_archive
01-raw-data\collection-drafts\manual-weekly\ccfi_2026_05_08_get_form.html,01-raw-data\collection-reports\archive\draft-probes\manual-weekly\ccfi_2026_05_08_get_form.html,move_draft_probe_archive
01-raw-data\collection-drafts\manual-weekly\ccfi_2026_05_08_https_www_sse_net_cn_index_ccfilist_date_2026_05_08.html,01-raw-data\collection-reports\archive\draft-probes\manual-weekly\ccfi_2026_05_08_https_www_sse_net_cn_index_ccfilist_date_2026_05_08.html,move_draft_probe_archive
01-raw-data\collection-drafts\manual-weekly\ccfi_2026_05_08_https_www_sse_net_cn_index_singleIndex_indexType_ccfi_date_2026_05_08.html,01-raw-data\collection-reports\archive\draft-probes\manual-weekly\ccfi_2026_05_08_https_www_sse_net_cn_index_singleIndex_indexType_ccfi_date_2026_05_08.html,move_draft_probe_archive
01-raw-data\collection-drafts\manual-weekly\ccfi_2026_05_08_https_www_sse_net_cn_index_singleIndex_indexType_ccfi_publishDate_2026_05_08.html,01-raw-data\collection-reports\archive\draft-probes\manual-weekly\ccfi_2026_05_08_https_www_sse_net_cn_index_singleIndex_indexType_ccfi_publishDate_2026_05_08.html,move_draft_probe_archive
01-raw-data\collection-drafts\manual-weekly\ccfi_2026_05_08_post_form.html,01-raw-data\collection-reports\archive\draft-probes\manual-weekly\ccfi_2026_05_08_post_form.html,move_draft_probe_archive
01-raw-data\collection-drafts\manual-weekly\ccfi_2026_05_15_get_form.html,01-raw-data\collection-reports\archive\draft-probes\manual-weekly\ccfi_2026_05_15_get_form.html,move_draft_probe_archive
01-raw-data\collection-drafts\manual-weekly\ccfi_2026_05_15_https_www_sse_net_cn_index_ccfilist_date_2026_05_15.html,01-raw-data\collection-reports\archive\draft-probes\manual-weekly\ccfi_2026_05_15_https_www_sse_net_cn_index_ccfilist_date_2026_05_15.html,move_draft_probe_archive
01-raw-data\collection-drafts\manual-weekly\ccfi_2026_05_15_https_www_sse_net_cn_index_singleIndex_indexType_ccfi_date_2026_05_15.html,01-raw-data\collection-reports\archive\draft-probes\manual-weekly\ccfi_2026_05_15_https_www_sse_net_cn_index_singleIndex_indexType_ccfi_date_2026_05_15.html,move_draft_probe_archive
01-raw-data\collection-drafts\manual-weekly\ccfi_2026_05_15_https_www_sse_net_cn_index_singleIndex_indexType_ccfi_publishDate_2026_05_15.html,01-raw-data\collection-reports\archive\draft-probes\manual-weekly\ccfi_2026_05_15_https_www_sse_net_cn_index_singleIndex_indexType_ccfi_publishDate_2026_05_15.html,move_draft_probe_archive
01-raw-data\collection-drafts\manual-weekly\ccfi_2026_05_15_post_form.html,01-raw-data\collection-reports\archive\draft-probes\manual-weekly\ccfi_2026_05_15_post_form.html,move_draft_probe_archive
01-raw-data\collection-drafts\manual-weekly\ccfi_2026_05_22_get_form.html,01-raw-data\collection-reports\archive\draft-probes\manual-weekly\ccfi_2026_05_22_get_form.html,move_draft_probe_archive
01-raw-data\collection-drafts\manual-weekly\ccfi_2026_05_22_https_www_sse_net_cn_index_ccfilist_date_2026_05_22.html,01-raw-data\collection-reports\archive\draft-probes\manual-weekly\ccfi_2026_05_22_https_www_sse_net_cn_index_ccfilist_date_2026_05_22.html,move_draft_probe_archive
01-raw-data\collection-drafts\manual-weekly\ccfi_2026_05_22_https_www_sse_net_cn_index_singleIndex_indexType_ccfi_date_2026_05_22.html,01-raw-data\collection-reports\archive\draft-probes\manual-weekly\ccfi_2026_05_22_https_www_sse_net_cn_index_singleIndex_indexType_ccfi_date_2026_05_22.html,move_draft_probe_archive
01-raw-data\collection-drafts\manual-weekly\ccfi_2026_05_22_https_www_sse_net_cn_index_singleIndex_indexType_ccfi_publishDate_2026_05_22.html,01-raw-data\collection-reports\archive\draft-probes\manual-weekly\ccfi_2026_05_22_https_www_sse_net_cn_index_singleIndex_indexType_ccfi_publishDate_2026_05_22.html,move_draft_probe_archive
01-raw-data\collection-drafts\manual-weekly\ccfi_2026_05_22_post_form.html,01-raw-data\collection-reports\archive\draft-probes\manual-weekly\ccfi_2026_05_22_post_form.html,move_draft_probe_archive
01-raw-data\collection-drafts\manual-weekly\direct-access-probe.csv,01-raw-data\collection-reports\archive\draft-probes\manual-weekly\direct-access-probe.csv,move_draft_probe_archive
01-raw-data\collection-drafts\manual-weekly\https_cj_sina_cn_article_norm_detail_url_https_3A_2F_2Ffinance_sina_com_cn_2Fwm_.html,01-raw-data\collection-reports\archive\draft-probes\manual-weekly\https_cj_sina_cn_article_norm_detail_url_https_3A_2F_2Ffinance_sina_com_cn_2Fwm_.html,move_draft_probe_archive
01-raw-data\collection-drafts\manual-weekly\https_www_sse_net_cn_index_scfilist.html,01-raw-data\collection-reports\archive\draft-probes\manual-weekly\https_www_sse_net_cn_index_scfilist.html,move_draft_probe_archive
01-raw-data\collection-drafts\manual-weekly\https_www_sse_net_cn_index_singleIndex_indexType_scfi.html,01-raw-data\collection-reports\archive\draft-probes\manual-weekly\https_www_sse_net_cn_index_singleIndex_indexType_scfi.html,move_draft_probe_archive
01-raw-data\collection-drafts\manual-weekly\scfis_2026_04_03_get_form.html,01-raw-data\collection-reports\archive\draft-probes\manual-weekly\scfis_2026_04_03_get_form.html,move_draft_probe_archive
01-raw-data\collection-drafts\manual-weekly\scfis_2026_04_03_https_www_sse_net_cn_index_scfislist_date_2026_04_03.html,01-raw-data\collection-reports\archive\draft-probes\manual-weekly\scfis_2026_04_03_https_www_sse_net_cn_index_scfislist_date_2026_04_03.html,move_draft_probe_archive
01-raw-data\collection-drafts\manual-weekly\scfis_2026_04_03_https_www_sse_net_cn_index_singleIndex_indexType_scfis_date_2026_04_03.html,01-raw-data\collection-reports\archive\draft-probes\manual-weekly\scfis_2026_04_03_https_www_sse_net_cn_index_singleIndex_indexType_scfis_date_2026_04_03.html,move_draft_probe_archive
01-raw-data\collection-drafts\manual-weekly\scfis_2026_04_03_https_www_sse_net_cn_index_singleIndex_indexType_scfis_publishDate_2026_04_03.html,01-raw-data\collection-reports\archive\draft-probes\manual-weekly\scfis_2026_04_03_https_www_sse_net_cn_index_singleIndex_indexType_scfis_publishDate_2026_04_03.html,move_draft_probe_archive
01-raw-data\collection-drafts\manual-weekly\scfis_2026_04_03_post_form.html,01-raw-data\collection-reports\archive\draft-probes\manual-weekly\scfis_2026_04_03_post_form.html,move_draft_probe_archive
01-raw-data\collection-drafts\manual-weekly\scfis_2026_04_10_get_form.html,01-raw-data\collection-reports\archive\draft-probes\manual-weekly\scfis_2026_04_10_get_form.html,move_draft_probe_archive
01-raw-data\collection-drafts\manual-weekly\scfis_2026_04_10_https_www_sse_net_cn_index_scfislist_date_2026_04_10.html,01-raw-data\collection-reports\archive\draft-probes\manual-weekly\scfis_2026_04_10_https_www_sse_net_cn_index_scfislist_date_2026_04_10.html,move_draft_probe_archive
01-raw-data\collection-drafts\manual-weekly\scfis_2026_04_10_https_www_sse_net_cn_index_singleIndex_indexType_scfis_date_2026_04_10.html,01-raw-data\collection-reports\archive\draft-probes\manual-weekly\scfis_2026_04_10_https_www_sse_net_cn_index_singleIndex_indexType_scfis_date_2026_04_10.html,move_draft_probe_archive
01-raw-data\collection-drafts\manual-weekly\scfis_2026_04_10_https_www_sse_net_cn_index_singleIndex_indexType_scfis_publishDate_2026_04_10.html,01-raw-data\collection-reports\archive\draft-probes\manual-weekly\scfis_2026_04_10_https_www_sse_net_cn_index_singleIndex_indexType_scfis_publishDate_2026_04_10.html,move_draft_probe_archive
01-raw-data\collection-drafts\manual-weekly\scfis_2026_04_10_post_form.html,01-raw-data\collection-reports\archive\draft-probes\manual-weekly\scfis_2026_04_10_post_form.html,move_draft_probe_archive
01-raw-data\collection-drafts\manual-weekly\scfis_2026_04_17_get_form.html,01-raw-data\collection-reports\archive\draft-probes\manual-weekly\scfis_2026_04_17_get_form.html,move_draft_probe_archive
01-raw-data\collection-drafts\manual-weekly\scfis_2026_04_17_https_www_sse_net_cn_index_scfislist_date_2026_04_17.html,01-raw-data\collection-reports\archive\draft-probes\manual-weekly\scfis_2026_04_17_https_www_sse_net_cn_index_scfislist_date_2026_04_17.html,move_draft_probe_archive
01-raw-data\collection-drafts\manual-weekly\scfis_2026_04_17_https_www_sse_net_cn_index_singleIndex_indexType_scfis_date_2026_04_17.html,01-raw-data\collection-reports\archive\draft-probes\manual-weekly\scfis_2026_04_17_https_www_sse_net_cn_index_singleIndex_indexType_scfis_date_2026_04_17.html,move_draft_probe_archive
01-raw-data\collection-drafts\manual-weekly\scfis_2026_04_17_https_www_sse_net_cn_index_singleIndex_indexType_scfis_publishDate_2026_04_17.html,01-raw-data\collection-reports\archive\draft-probes\manual-weekly\scfis_2026_04_17_https_www_sse_net_cn_index_singleIndex_indexType_scfis_publishDate_2026_04_17.html,move_draft_probe_archive
01-raw-data\collection-drafts\manual-weekly\scfis_2026_04_17_post_form.html,01-raw-data\collection-reports\archive\draft-probes\manual-weekly\scfis_2026_04_17_post_form.html,move_draft_probe_archive
01-raw-data\collection-drafts\manual-weekly\scfis_2026_04_24_get_form.html,01-raw-data\collection-reports\archive\draft-probes\manual-weekly\scfis_2026_04_24_get_form.html,move_draft_probe_archive
01-raw-data\collection-drafts\manual-weekly\scfis_2026_04_24_https_www_sse_net_cn_index_scfislist_date_2026_04_24.html,01-raw-data\collection-reports\archive\draft-probes\manual-weekly\scfis_2026_04_24_https_www_sse_net_cn_index_scfislist_date_2026_04_24.html,move_draft_probe_archive
01-raw-data\collection-drafts\manual-weekly\scfis_2026_04_24_https_www_sse_net_cn_index_singleIndex_indexType_scfis_date_2026_04_24.html,01-raw-data\collection-reports\archive\draft-probes\manual-weekly\scfis_2026_04_24_https_www_sse_net_cn_index_singleIndex_indexType_scfis_date_2026_04_24.html,move_draft_probe_archive
01-raw-data\collection-drafts\manual-weekly\scfis_2026_04_24_https_www_sse_net_cn_index_singleIndex_indexType_scfis_publishDate_2026_04_24.html,01-raw-data\collection-reports\archive\draft-probes\manual-weekly\scfis_2026_04_24_https_www_sse_net_cn_index_singleIndex_indexType_scfis_publishDate_2026_04_24.html,move_draft_probe_archive
01-raw-data\collection-drafts\manual-weekly\scfis_2026_04_24_post_form.html,01-raw-data\collection-reports\archive\draft-probes\manual-weekly\scfis_2026_04_24_post_form.html,move_draft_probe_archive
01-raw-data\collection-drafts\manual-weekly\scfis_2026_05_01_get_form.html,01-raw-data\collection-reports\archive\draft-probes\manual-weekly\scfis_2026_05_01_get_form.html,move_draft_probe_archive
01-raw-data\collection-drafts\manual-weekly\scfis_2026_05_01_https_www_sse_net_cn_index_scfislist_date_2026_05_01.html,01-raw-data\collection-reports\archive\draft-probes\manual-weekly\scfis_2026_05_01_https_www_sse_net_cn_index_scfislist_date_2026_05_01.html,move_draft_probe_archive
01-raw-data\collection-drafts\manual-weekly\scfis_2026_05_01_https_www_sse_net_cn_index_singleIndex_indexType_scfis_date_2026_05_01.html,01-raw-data\collection-reports\archive\draft-probes\manual-weekly\scfis_2026_05_01_https_www_sse_net_cn_index_singleIndex_indexType_scfis_date_2026_05_01.html,move_draft_probe_archive
01-raw-data\collection-drafts\manual-weekly\scfis_2026_05_01_https_www_sse_net_cn_index_singleIndex_indexType_scfis_publishDate_2026_05_01.html,01-raw-data\collection-reports\archive\draft-probes\manual-weekly\scfis_2026_05_01_https_www_sse_net_cn_index_singleIndex_indexType_scfis_publishDate_2026_05_01.html,move_draft_probe_archive
01-raw-data\collection-drafts\manual-weekly\scfis_2026_05_01_post_form.html,01-raw-data\collection-reports\archive\draft-probes\manual-weekly\scfis_2026_05_01_post_form.html,move_draft_probe_archive
01-raw-data\collection-drafts\manual-weekly\scfis_2026_05_08_get_form.html,01-raw-data\collection-reports\archive\draft-probes\manual-weekly\scfis_2026_05_08_get_form.html,move_draft_probe_archive
01-raw-data\collection-drafts\manual-weekly\scfis_2026_05_08_https_www_sse_net_cn_index_scfislist_date_2026_05_08.html,01-raw-data\collection-reports\archive\draft-probes\manual-weekly\scfis_2026_05_08_https_www_sse_net_cn_index_scfislist_date_2026_05_08.html,move_draft_probe_archive
01-raw-data\collection-drafts\manual-weekly\scfis_2026_05_08_https_www_sse_net_cn_index_singleIndex_indexType_scfis_date_2026_05_08.html,01-raw-data\collection-reports\archive\draft-probes\manual-weekly\scfis_2026_05_08_https_www_sse_net_cn_index_singleIndex_indexType_scfis_date_2026_05_08.html,move_draft_probe_archive
01-raw-data\collection-drafts\manual-weekly\scfis_2026_05_08_https_www_sse_net_cn_index_singleIndex_indexType_scfis_publishDate_2026_05_08.html,01-raw-data\collection-reports\archive\draft-probes\manual-weekly\scfis_2026_05_08_https_www_sse_net_cn_index_singleIndex_indexType_scfis_publishDate_2026_05_08.html,move_draft_probe_archive
01-raw-data\collection-drafts\manual-weekly\scfis_2026_05_08_post_form.html,01-raw-data\collection-reports\archive\draft-probes\manual-weekly\scfis_2026_05_08_post_form.html,move_draft_probe_archive
01-raw-data\collection-drafts\manual-weekly\scfis_2026_05_15_get_form.html,01-raw-data\collection-reports\archive\draft-probes\manual-weekly\scfis_2026_05_15_get_form.html,move_draft_probe_archive
01-raw-data\collection-drafts\manual-weekly\scfis_2026_05_15_https_www_sse_net_cn_index_scfislist_date_2026_05_15.html,01-raw-data\collection-reports\archive\draft-probes\manual-weekly\scfis_2026_05_15_https_www_sse_net_cn_index_scfislist_date_2026_05_15.html,move_draft_probe_archive
01-raw-data\collection-drafts\manual-weekly\scfis_2026_05_15_https_www_sse_net_cn_index_singleIndex_indexType_scfis_date_2026_05_15.html,01-raw-data\collection-reports\archive\draft-probes\manual-weekly\scfis_2026_05_15_https_www_sse_net_cn_index_singleIndex_indexType_scfis_date_2026_05_15.html,move_draft_probe_archive
01-raw-data\collection-drafts\manual-weekly\scfis_2026_05_15_https_www_sse_net_cn_index_singleIndex_indexType_scfis_publishDate_2026_05_15.html,01-raw-data\collection-reports\archive\draft-probes\manual-weekly\scfis_2026_05_15_https_www_sse_net_cn_index_singleIndex_indexType_scfis_publishDate_2026_05_15.html,move_draft_probe_archive
01-raw-data\collection-drafts\manual-weekly\scfis_2026_05_15_post_form.html,01-raw-data\collection-reports\archive\draft-probes\manual-weekly\scfis_2026_05_15_post_form.html,move_draft_probe_archive
01-raw-data\collection-drafts\manual-weekly\scfis_2026_05_22_get_form.html,01-raw-data\collection-reports\archive\draft-probes\manual-weekly\scfis_2026_05_22_get_form.html,move_draft_probe_archive
01-raw-data\collection-drafts\manual-weekly\scfis_2026_05_22_https_www_sse_net_cn_index_scfislist_date_2026_05_22.html,01-raw-data\collection-reports\archive\draft-probes\manual-weekly\scfis_2026_05_22_https_www_sse_net_cn_index_scfislist_date_2026_05_22.html,move_draft_probe_archive
01-raw-data\collection-drafts\manual-weekly\scfis_2026_05_22_https_www_sse_net_cn_index_singleIndex_indexType_scfis_date_2026_05_22.html,01-raw-data\collection-reports\archive\draft-probes\manual-weekly\scfis_2026_05_22_https_www_sse_net_cn_index_singleIndex_indexType_scfis_date_2026_05_22.html,move_draft_probe_archive
01-raw-data\collection-drafts\manual-weekly\scfis_2026_05_22_https_www_sse_net_cn_index_singleIndex_indexType_scfis_publishDate_2026_05_22.html,01-raw-data\collection-reports\archive\draft-probes\manual-weekly\scfis_2026_05_22_https_www_sse_net_cn_index_singleIndex_indexType_scfis_publishDate_2026_05_22.html,move_draft_probe_archive
01-raw-data\collection-drafts\manual-weekly\scfis_2026_05_22_post_form.html,01-raw-data\collection-reports\archive\draft-probes\manual-weekly\scfis_2026_05_22_post_form.html,move_draft_probe_archive
01-raw-data\collection-drafts\manual-weekly\scfi_2026_04_03_get_form.html,01-raw-data\collection-reports\archive\draft-probes\manual-weekly\scfi_2026_04_03_get_form.html,move_draft_probe_archive
01-raw-data\collection-drafts\manual-weekly\scfi_2026_04_03_https_www_sse_net_cn_index_scfilist_date_2026_04_03.html,01-raw-data\collection-reports\archive\draft-probes\manual-weekly\scfi_2026_04_03_https_www_sse_net_cn_index_scfilist_date_2026_04_03.html,move_draft_probe_archive
01-raw-data\collection-drafts\manual-weekly\scfi_2026_04_03_https_www_sse_net_cn_index_singleIndex_indexType_scfi_date_2026_04_03.html,01-raw-data\collection-reports\archive\draft-probes\manual-weekly\scfi_2026_04_03_https_www_sse_net_cn_index_singleIndex_indexType_scfi_date_2026_04_03.html,move_draft_probe_archive
01-raw-data\collection-drafts\manual-weekly\scfi_2026_04_03_https_www_sse_net_cn_index_singleIndex_indexType_scfi_publishDate_2026_04_03.html,01-raw-data\collection-reports\archive\draft-probes\manual-weekly\scfi_2026_04_03_https_www_sse_net_cn_index_singleIndex_indexType_scfi_publishDate_2026_04_03.html,move_draft_probe_archive
01-raw-data\collection-drafts\manual-weekly\scfi_2026_04_03_post_form.html,01-raw-data\collection-reports\archive\draft-probes\manual-weekly\scfi_2026_04_03_post_form.html,move_draft_probe_archive
01-raw-data\collection-drafts\manual-weekly\scfi_2026_04_10_get_form.html,01-raw-data\collection-reports\archive\draft-probes\manual-weekly\scfi_2026_04_10_get_form.html,move_draft_probe_archive
01-raw-data\collection-drafts\manual-weekly\scfi_2026_04_10_https_www_sse_net_cn_index_scfilist_date_2026_04_10.html,01-raw-data\collection-reports\archive\draft-probes\manual-weekly\scfi_2026_04_10_https_www_sse_net_cn_index_scfilist_date_2026_04_10.html,move_draft_probe_archive
01-raw-data\collection-drafts\manual-weekly\scfi_2026_04_10_https_www_sse_net_cn_index_singleIndex_indexType_scfi_date_2026_04_10.html,01-raw-data\collection-reports\archive\draft-probes\manual-weekly\scfi_2026_04_10_https_www_sse_net_cn_index_singleIndex_indexType_scfi_date_2026_04_10.html,move_draft_probe_archive
01-raw-data\collection-drafts\manual-weekly\scfi_2026_04_10_https_www_sse_net_cn_index_singleIndex_indexType_scfi_publishDate_2026_04_10.html,01-raw-data\collection-reports\archive\draft-probes\manual-weekly\scfi_2026_04_10_https_www_sse_net_cn_index_singleIndex_indexType_scfi_publishDate_2026_04_10.html,move_draft_probe_archive
01-raw-data\collection-drafts\manual-weekly\scfi_2026_04_10_post_form.html,01-raw-data\collection-reports\archive\draft-probes\manual-weekly\scfi_2026_04_10_post_form.html,move_draft_probe_archive
01-raw-data\collection-drafts\manual-weekly\scfi_2026_04_17_get_form.html,01-raw-data\collection-reports\archive\draft-probes\manual-weekly\scfi_2026_04_17_get_form.html,move_draft_probe_archive
01-raw-data\collection-drafts\manual-weekly\scfi_2026_04_17_https_www_sse_net_cn_index_scfilist_date_2026_04_17.html,01-raw-data\collection-reports\archive\draft-probes\manual-weekly\scfi_2026_04_17_https_www_sse_net_cn_index_scfilist_date_2026_04_17.html,move_draft_probe_archive
01-raw-data\collection-drafts\manual-weekly\scfi_2026_04_17_https_www_sse_net_cn_index_singleIndex_indexType_scfi_date_2026_04_17.html,01-raw-data\collection-reports\archive\draft-probes\manual-weekly\scfi_2026_04_17_https_www_sse_net_cn_index_singleIndex_indexType_scfi_date_2026_04_17.html,move_draft_probe_archive
01-raw-data\collection-drafts\manual-weekly\scfi_2026_04_17_https_www_sse_net_cn_index_singleIndex_indexType_scfi_publishDate_2026_04_17.html,01-raw-data\collection-reports\archive\draft-probes\manual-weekly\scfi_2026_04_17_https_www_sse_net_cn_index_singleIndex_indexType_scfi_publishDate_2026_04_17.html,move_draft_probe_archive
01-raw-data\collection-drafts\manual-weekly\scfi_2026_04_17_post_form.html,01-raw-data\collection-reports\archive\draft-probes\manual-weekly\scfi_2026_04_17_post_form.html,move_draft_probe_archive
01-raw-data\collection-drafts\manual-weekly\scfi_2026_04_24_get_form.html,01-raw-data\collection-reports\archive\draft-probes\manual-weekly\scfi_2026_04_24_get_form.html,move_draft_probe_archive
01-raw-data\collection-drafts\manual-weekly\scfi_2026_04_24_https_www_sse_net_cn_index_scfilist_date_2026_04_24.html,01-raw-data\collection-reports\archive\draft-probes\manual-weekly\scfi_2026_04_24_https_www_sse_net_cn_index_scfilist_date_2026_04_24.html,move_draft_probe_archive
01-raw-data\collection-drafts\manual-weekly\scfi_2026_04_24_https_www_sse_net_cn_index_singleIndex_indexType_scfi_date_2026_04_24.html,01-raw-data\collection-reports\archive\draft-probes\manual-weekly\scfi_2026_04_24_https_www_sse_net_cn_index_singleIndex_indexType_scfi_date_2026_04_24.html,move_draft_probe_archive
01-raw-data\collection-drafts\manual-weekly\scfi_2026_04_24_https_www_sse_net_cn_index_singleIndex_indexType_scfi_publishDate_2026_04_24.html,01-raw-data\collection-reports\archive\draft-probes\manual-weekly\scfi_2026_04_24_https_www_sse_net_cn_index_singleIndex_indexType_scfi_publishDate_2026_04_24.html,move_draft_probe_archive
01-raw-data\collection-drafts\manual-weekly\scfi_2026_04_24_post_form.html,01-raw-data\collection-reports\archive\draft-probes\manual-weekly\scfi_2026_04_24_post_form.html,move_draft_probe_archive
01-raw-data\collection-drafts\manual-weekly\scfi_2026_05_01_get_form.html,01-raw-data\collection-reports\archive\draft-probes\manual-weekly\scfi_2026_05_01_get_form.html,move_draft_probe_archive
01-raw-data\collection-drafts\manual-weekly\scfi_2026_05_01_https_www_sse_net_cn_index_scfilist_date_2026_05_01.html,01-raw-data\collection-reports\archive\draft-probes\manual-weekly\scfi_2026_05_01_https_www_sse_net_cn_index_scfilist_date_2026_05_01.html,move_draft_probe_archive
01-raw-data\collection-drafts\manual-weekly\scfi_2026_05_01_https_www_sse_net_cn_index_singleIndex_indexType_scfi_date_2026_05_01.html,01-raw-data\collection-reports\archive\draft-probes\manual-weekly\scfi_2026_05_01_https_www_sse_net_cn_index_singleIndex_indexType_scfi_date_2026_05_01.html,move_draft_probe_archive
01-raw-data\collection-drafts\manual-weekly\scfi_2026_05_01_https_www_sse_net_cn_index_singleIndex_indexType_scfi_publishDate_2026_05_01.html,01-raw-data\collection-reports\archive\draft-probes\manual-weekly\scfi_2026_05_01_https_www_sse_net_cn_index_singleIndex_indexType_scfi_publishDate_2026_05_01.html,move_draft_probe_archive
01-raw-data\collection-drafts\manual-weekly\scfi_2026_05_01_post_form.html,01-raw-data\collection-reports\archive\draft-probes\manual-weekly\scfi_2026_05_01_post_form.html,move_draft_probe_archive
01-raw-data\collection-drafts\manual-weekly\scfi_2026_05_08_get_form.html,01-raw-data\collection-reports\archive\draft-probes\manual-weekly\scfi_2026_05_08_get_form.html,move_draft_probe_archive
01-raw-data\collection-drafts\manual-weekly\scfi_2026_05_08_https_www_sse_net_cn_index_scfilist_date_2026_05_08.html,01-raw-data\collection-reports\archive\draft-probes\manual-weekly\scfi_2026_05_08_https_www_sse_net_cn_index_scfilist_date_2026_05_08.html,move_draft_probe_archive
01-raw-data\collection-drafts\manual-weekly\scfi_2026_05_08_https_www_sse_net_cn_index_singleIndex_indexType_scfi_date_2026_05_08.html,01-raw-data\collection-reports\archive\draft-probes\manual-weekly\scfi_2026_05_08_https_www_sse_net_cn_index_singleIndex_indexType_scfi_date_2026_05_08.html,move_draft_probe_archive
01-raw-data\collection-drafts\manual-weekly\scfi_2026_05_08_https_www_sse_net_cn_index_singleIndex_indexType_scfi_publishDate_2026_05_08.html,01-raw-data\collection-reports\archive\draft-probes\manual-weekly\scfi_2026_05_08_https_www_sse_net_cn_index_singleIndex_indexType_scfi_publishDate_2026_05_08.html,move_draft_probe_archive
01-raw-data\collection-drafts\manual-weekly\scfi_2026_05_08_post_form.html,01-raw-data\collection-reports\archive\draft-probes\manual-weekly\scfi_2026_05_08_post_form.html,move_draft_probe_archive
01-raw-data\collection-drafts\manual-weekly\scfi_2026_05_15_get_form.html,01-raw-data\collection-reports\archive\draft-probes\manual-weekly\scfi_2026_05_15_get_form.html,move_draft_probe_archive
01-raw-data\collection-drafts\manual-weekly\scfi_2026_05_15_https_www_sse_net_cn_index_scfilist_date_2026_05_15.html,01-raw-data\collection-reports\archive\draft-probes\manual-weekly\scfi_2026_05_15_https_www_sse_net_cn_index_scfilist_date_2026_05_15.html,move_draft_probe_archive
01-raw-data\collection-drafts\manual-weekly\scfi_2026_05_15_https_www_sse_net_cn_index_singleIndex_indexType_scfi_date_2026_05_15.html,01-raw-data\collection-reports\archive\draft-probes\manual-weekly\scfi_2026_05_15_https_www_sse_net_cn_index_singleIndex_indexType_scfi_date_2026_05_15.html,move_draft_probe_archive
01-raw-data\collection-drafts\manual-weekly\scfi_2026_05_15_https_www_sse_net_cn_index_singleIndex_indexType_scfi_publishDate_2026_05_15.html,01-raw-data\collection-reports\archive\draft-probes\manual-weekly\scfi_2026_05_15_https_www_sse_net_cn_index_singleIndex_indexType_scfi_publishDate_2026_05_15.html,move_draft_probe_archive
01-raw-data\collection-drafts\manual-weekly\scfi_2026_05_15_post_form.html,01-raw-data\collection-reports\archive\draft-probes\manual-weekly\scfi_2026_05_15_post_form.html,move_draft_probe_archive
01-raw-data\collection-drafts\manual-weekly\scfi_2026_05_22_get_form.html,01-raw-data\collection-reports\archive\draft-probes\manual-weekly\scfi_2026_05_22_get_form.html,move_draft_probe_archive
01-raw-data\collection-drafts\manual-weekly\scfi_2026_05_22_https_www_sse_net_cn_index_scfilist_date_2026_05_22.html,01-raw-data\collection-reports\archive\draft-probes\manual-weekly\scfi_2026_05_22_https_www_sse_net_cn_index_scfilist_date_2026_05_22.html,move_draft_probe_archive
01-raw-data\collection-drafts\manual-weekly\scfi_2026_05_22_https_www_sse_net_cn_index_singleIndex_indexType_scfi_date_2026_05_22.html,01-raw-data\collection-reports\archive\draft-probes\manual-weekly\scfi_2026_05_22_https_www_sse_net_cn_index_singleIndex_indexType_scfi_date_2026_05_22.html,move_draft_probe_archive
01-raw-data\collection-drafts\manual-weekly\scfi_2026_05_22_https_www_sse_net_cn_index_singleIndex_indexType_scfi_publishDate_2026_05_22.html,01-raw-data\collection-reports\archive\draft-probes\manual-weekly\scfi_2026_05_22_https_www_sse_net_cn_index_singleIndex_indexType_scfi_publishDate_2026_05_22.html,move_draft_probe_archive
01-raw-data\collection-drafts\manual-weekly\scfi_2026_05_22_post_form.html,01-raw-data\collection-reports\archive\draft-probes\manual-weekly\scfi_2026_05_22_post_form.html,move_draft_probe_archive
01-raw-data\collection-drafts\manual-weekly\search-engine-probe.csv,01-raw-data\collection-reports\archive\draft-probes\manual-weekly\search-engine-probe.csv,move_draft_probe_archive
01-raw-data\collection-drafts\manual-weekly\sina-2026-05-26-scfi.html,01-raw-data\collection-reports\archive\draft-probes\manual-weekly\sina-2026-05-26-scfi.html,move_draft_probe_archive
01-raw-data\collection-drafts\manual-weekly\sina-evidence-snippets.csv,01-raw-data\collection-reports\archive\draft-probes\manual-weekly\sina-evidence-snippets.csv,move_draft_probe_archive
01-raw-data\collection-drafts\manual-weekly\sse-form-query-test-recent8.csv,01-raw-data\collection-reports\archive\draft-probes\manual-weekly\sse-form-query-test-recent8.csv,move_draft_probe_archive
01-raw-data\collection-drafts\manual-weekly\sse-html-structure-analysis.csv,01-raw-data\collection-reports\archive\draft-probes\manual-weekly\sse-html-structure-analysis.csv,move_draft_probe_archive
01-raw-data\collection-drafts\manual-weekly\sse-query-function-snippets.csv,01-raw-data\collection-reports\archive\draft-probes\manual-weekly\sse-query-function-snippets.csv,move_draft_probe_archive
01-raw-data\collection-drafts\manual-weekly\sse-read-html-tables-sample.csv,01-raw-data\collection-reports\archive\draft-probes\manual-weekly\sse-read-html-tables-sample.csv,move_draft_probe_archive
01-raw-data\collection-drafts\manual-weekly\sse-single-week-probe-recent8.csv,01-raw-data\collection-reports\archive\draft-probes\manual-weekly\sse-single-week-probe-recent8.csv,move_draft_probe_archive
01-raw-data\collection-reports\data-source-website-list.csv,01-raw-data\collection-reports\current\data-source-website-list.csv,copy_to_current
01-raw-data\collection-reports\data-source-website-list.md,01-raw-data\collection-reports\current\data-source-website-list.md,copy_to_current
01-raw-data\collection-reports\document-library-cleanup-recommendations.csv,01-raw-data\collection-reports\current\document-library-cleanup-recommendations.csv,copy_to_current
01-raw-data\collection-reports\document-library-inventory.csv,01-raw-data\collection-reports\current\document-library-inventory.csv,copy_to_current
01-raw-data\collection-reports\document-library-summary.csv,01-raw-data\collection-reports\current\document-library-summary.csv,copy_to_current
01-raw-data\collection-reports\public-data-write-summary.csv,01-raw-data\collection-reports\current\public-data-write-summary.csv,copy_to_current
01-raw-data\collection-reports\公开数据补采续执行报告.md,01-raw-data\collection-reports\current\公开数据补采续执行报告.md,copy_to_current
