date,natural_week_start,natural_week_end,route_name,observed_value,value_used_for_demo,unit,source_value_layer,demo_fill_method,is_demo_filled,data_quality_level,record_status,source_type
2025-11-28,2025-11-24,2025-11-30,SCFI综合指数,1403.13,1403.13,points,A/B_public_observed_or_pending_recheck,observed_value_kept,False,B,collected_public_excerpt,batch03_04_public_excerpt
2025-12-05,2025-12-01,2025-12-07,SCFI综合指数,1397.63,1397.63,points,A/B_public_observed_or_pending_recheck,observed_value_kept,False,B,collected_public_excerpt,batch03_04_public_excerpt
2025-12-12,2025-12-08,2025-12-14,SCFI综合指数,,1475.275,points,demo_interpolation_fill,linear_interpolation_or_boundary_nearest,True,PENDING,placeholder_pending,placeholder
2025-12-19,2025-12-15,2025-12-21,SCFI综合指数,1552.92,1552.92,points,A/B_public_observed_or_pending_recheck,observed_value_kept,False,B,collected_public_excerpt,batch03_04_public_excerpt
2025-12-26,2025-12-22,2025-12-28,SCFI综合指数,1656.32,1656.32,points,A/B_public_observed_or_pending_recheck,observed_value_kept,False,B,collected_public_excerpt,batch03_04_public_excerpt
2026-01-02,2025-12-29,2026-01-04,SCFI综合指数,,1588.406,points,demo_interpolation_fill,linear_interpolation_or_boundary_nearest,True,A_publication_suspended,official_publication_suspended,official_publication_calendar
2026-01-09,2026-01-05,2026-01-11,SCFI综合指数,,1520.492,points,demo_interpolation_fill,linear_interpolation_or_boundary_nearest,True,PENDING,placeholder_pending,placeholder
2026-01-16,2026-01-12,2026-01-18,SCFI综合指数,,1452.578,points,demo_interpolation_fill,linear_interpolation_or_boundary_nearest,True,PENDING,placeholder_pending,placeholder
2026-01-23,2026-01-19,2026-01-25,SCFI综合指数,,1384.664,points,demo_interpolation_fill,linear_interpolation_or_boundary_nearest,True,B,collected_public_excerpt,batch03_04_public_excerpt
2026-01-30,2026-01-26,2026-02-01,SCFI综合指数,1316.75,1316.75,points,A/B_public_observed_or_pending_recheck,observed_value_kept,False,B,collected_public_excerpt,batch03_04_public_excerpt
2026-02-06,2026-02-02,2026-02-08,SCFI综合指数,1266.56,1266.56,points,A/B_public_observed_or_pending_recheck,observed_value_kept,False,B,collected_public_excerpt,batch03_04_public_excerpt
2026-02-13,2026-02-09,2026-02-15,SCFI综合指数,1251.46,1251.46,points,A/B_public_observed_or_pending_recheck,observed_value_kept,False,B,collected_public_excerpt,batch03_04_public_excerpt
2026-02-20,2026-02-16,2026-02-22,SCFI综合指数,,1366.1825,points,demo_interpolation_fill,linear_interpolation_or_boundary_nearest,True,PENDING,placeholder_pending,placeholder
2026-02-27,2026-02-23,2026-03-01,SCFI综合指数,,1480.905,points,demo_interpolation_fill,linear_interpolation_or_boundary_nearest,True,PENDING,placeholder_pending,placeholder
2026-03-06,2026-03-02,2026-03-08,SCFI综合指数,,1595.6275,points,demo_interpolation_fill,linear_interpolation_or_boundary_nearest,True,PENDING,placeholder_pending,placeholder
2026-03-13,2026-03-09,2026-03-15,SCFI综合指数,1710.35,1710.35,points,A/B_public_observed_or_pending_recheck,observed_value_kept,False,B_pending_source_recheck,legacy_value_pending_source_recheck,legacy_public_clue_needs_source_recheck
2026-03-20,2026-03-16,2026-03-22,SCFI综合指数,1706.95,1706.95,points,A/B_public_observed_or_pending_recheck,observed_value_kept,False,B_pending_source_recheck,legacy_value_pending_source_recheck,legacy_public_clue_needs_source_recheck
2026-03-27,2026-03-23,2026-03-29,SCFI综合指数,,1768.2233333333334,points,demo_interpolation_fill,linear_interpolation_or_boundary_nearest,True,PENDING,placeholder_pending,placeholder
2026-04-03,2026-03-30,2026-04-05,SCFI综合指数,,1829.4966666666667,points,demo_interpolation_fill,linear_interpolation_or_boundary_nearest,True,PENDING,placeholder_pending,placeholder
2026-04-10,2026-04-06,2026-04-12,SCFI综合指数,1890.77,1890.77,points,A/B_public_observed_or_pending_recheck,observed_value_kept,False,B_pending_source_recheck,legacy_value_pending_source_recheck,legacy_public_clue_needs_source_recheck
2026-04-17,2026-04-13,2026-04-19,SCFI综合指数,1886.54,1886.54,points,A/B_public_observed_or_pending_recheck,observed_value_kept,False,B_pending_original_text,collected_public_excerpt_pending_original_text,public_excerpt_batch_01
2026-04-24,2026-04-20,2026-04-26,SCFI综合指数,1875.26,1875.26,points,A/B_public_observed_or_pending_recheck,observed_value_kept,False,B_pending_original_text,collected_public_excerpt_pending_original_text,public_excerpt_batch_01
2026-05-01,2026-04-27,2026-05-03,SCFI综合指数,1911.4,1911.4,points,A/B_public_observed_or_pending_recheck,observed_value_kept,False,B_pending_original_text,collected_public_excerpt_pending_original_text,public_excerpt_batch_01
2026-05-08,2026-05-04,2026-05-10,SCFI综合指数,1954.21,1954.21,points,A/B_public_observed_or_pending_recheck,observed_value_kept,False,B_pending_original_text,collected_public_excerpt_pending_original_text,public_excerpt_batch_01
2026-05-15,2026-05-11,2026-05-17,SCFI综合指数,2140.66,2140.66,points,A/B_public_observed_or_pending_recheck,observed_value_kept,False,A(composite_only)/B_pending_original_text(route_values),partial_composite_verified_routes_public_excerpt_pending,official_single_page_table_for_composite_plus_unverified_public_route_clues
2026-05-22,2026-05-18,2026-05-24,SCFI综合指数,2218.15,2218.15,points,A/B_public_observed_or_pending_recheck,observed_value_kept,False,A/B,partial_or_complete_collected,official_single_page_plus_public_repost
2025-11-28,2025-11-24,2025-11-30,地中海航线,2232.0,2232.0,USD/TEU,A/B_public_observed_or_pending_recheck,observed_value_kept,False,B,collected_public_excerpt,batch03_04_public_excerpt
2025-12-05,2025-12-01,2025-12-07,地中海航线,2300.0,2300.0,USD/TEU,A/B_public_observed_or_pending_recheck,observed_value_kept,False,B,collected_public_excerpt,batch03_04_public_excerpt
2025-12-12,2025-12-08,2025-12-14,地中海航线,,2566.5,USD/TEU,demo_interpolation_fill,linear_interpolation_or_boundary_nearest,True,PENDING,placeholder_pending,placeholder
2025-12-19,2025-12-15,2025-12-21,地中海航线,2833.0,2833.0,USD/TEU,A/B_public_observed_or_pending_recheck,observed_value_kept,False,B,collected_public_excerpt,batch03_04_public_excerpt
2025-12-26,2025-12-22,2025-12-28,地中海航线,3143.0,3143.0,USD/TEU,A/B_public_observed_or_pending_recheck,observed_value_kept,False,B,collected_public_excerpt,batch03_04_public_excerpt
2026-01-02,2025-12-29,2026-01-04,地中海航线,,2999.2,USD/TEU,demo_interpolation_fill,linear_interpolation_or_boundary_nearest,True,A_publication_suspended,official_publication_suspended,official_publication_calendar
2026-01-09,2026-01-05,2026-01-11,地中海航线,,2855.4,USD/TEU,demo_interpolation_fill,linear_interpolation_or_boundary_nearest,True,PENDING,placeholder_pending,placeholder
2026-01-16,2026-01-12,2026-01-18,地中海航线,,2711.6,USD/TEU,demo_interpolation_fill,linear_interpolation_or_boundary_nearest,True,PENDING,placeholder_pending,placeholder
2026-01-23,2026-01-19,2026-01-25,地中海航线,,2567.8,USD/TEU,demo_interpolation_fill,linear_interpolation_or_boundary_nearest,True,B,collected_public_excerpt,batch03_04_public_excerpt
2026-01-30,2026-01-26,2026-02-01,地中海航线,2424.0,2424.0,USD/TEU,A/B_public_observed_or_pending_recheck,observed_value_kept,False,B,collected_public_excerpt,batch03_04_public_excerpt
2026-02-06,2026-02-02,2026-02-08,地中海航线,,2300.5,USD/TEU,demo_interpolation_fill,linear_interpolation_or_boundary_nearest,True,B,collected_public_excerpt,batch03_04_public_excerpt
2026-02-13,2026-02-09,2026-02-15,地中海航线,2177.0,2177.0,USD/TEU,A/B_public_observed_or_pending_recheck,observed_value_kept,False,B,collected_public_excerpt,batch03_04_public_excerpt
2026-02-20,2026-02-16,2026-02-22,地中海航线,,2211.8888888888887,USD/TEU,demo_interpolation_fill,linear_interpolation_or_boundary_nearest,True,PENDING,placeholder_pending,placeholder
2026-02-27,2026-02-23,2026-03-01,地中海航线,,2246.777777777778,USD/TEU,demo_interpolation_fill,linear_interpolation_or_boundary_nearest,True,PENDING,placeholder_pending,placeholder
2026-03-06,2026-03-02,2026-03-08,地中海航线,,2281.6666666666665,USD/TEU,demo_interpolation_fill,linear_interpolation_or_boundary_nearest,True,PENDING,placeholder_pending,placeholder
2026-03-13,2026-03-09,2026-03-15,地中海航线,,2316.5555555555557,USD/TEU,demo_interpolation_fill,linear_interpolation_or_boundary_nearest,True,B_pending_source_recheck,legacy_value_pending_source_recheck,legacy_public_clue_needs_source_recheck
2026-03-20,2026-03-16,2026-03-22,地中海航线,,2351.4444444444443,USD/TEU,demo_interpolation_fill,linear_interpolation_or_boundary_nearest,True,B_pending_source_recheck,legacy_value_pending_source_recheck,legacy_public_clue_needs_source_recheck
2026-03-27,2026-03-23,2026-03-29,地中海航线,,2386.3333333333335,USD/TEU,demo_interpolation_fill,linear_interpolation_or_boundary_nearest,True,PENDING,placeholder_pending,placeholder
2026-04-03,2026-03-30,2026-04-05,地中海航线,,2421.222222222222,USD/TEU,demo_interpolation_fill,linear_interpolation_or_boundary_nearest,True,PENDING,placeholder_pending,placeholder
2026-04-10,2026-04-06,2026-04-12,地中海航线,,2456.1111111111113,USD/TEU,demo_interpolation_fill,linear_interpolation_or_boundary_nearest,True,B_pending_source_recheck,legacy_value_pending_source_recheck,legacy_public_clue_needs_source_recheck
2026-04-17,2026-04-13,2026-04-19,地中海航线,2491.0,2491.0,USD/TEU,A/B_public_observed_or_pending_recheck,observed_value_kept,False,B_pending_original_text,collected_public_excerpt_pending_original_text,public_excerpt_batch_01
2026-04-24,2026-04-20,2026-04-26,地中海航线,2420.0,2420.0,USD/TEU,A/B_public_observed_or_pending_recheck,observed_value_kept,False,B_pending_original_text,collected_public_excerpt_pending_original_text,public_excerpt_batch_01
2026-05-01,2026-04-27,2026-05-03,地中海航线,,2441.5,USD/TEU,demo_interpolation_fill,linear_interpolation_or_boundary_nearest,True,B_pending_original_text,collected_public_excerpt_pending_original_text,public_excerpt_batch_01
2026-05-08,2026-05-04,2026-05-10,地中海航线,2463.0,2463.0,USD/TEU,A/B_public_observed_or_pending_recheck,observed_value_kept,False,B_pending_original_text,collected_public_excerpt_pending_original_text,public_excerpt_batch_01
2026-05-15,2026-05-11,2026-05-17,地中海航线,3145.0,3145.0,USD/TEU,A/B_public_observed_or_pending_recheck,observed_value_kept,False,A(composite_only)/B_pending_original_text(route_values),partial_composite_verified_routes_public_excerpt_pending,official_single_page_table_for_composite_plus_unverified_public_route_clues
2026-05-22,2026-05-18,2026-05-24,地中海航线,3207.0,3207.0,USD/TEU,A/B_public_observed_or_pending_recheck,observed_value_kept,False,A/B,partial_or_complete_collected,official_single_page_plus_public_repost
2025-11-28,2025-11-24,2025-11-30,欧洲航线,1404.0,1404.0,USD/TEU,A/B_public_observed_or_pending_recheck,observed_value_kept,False,B,collected_public_excerpt,batch03_04_public_excerpt
2025-12-05,2025-12-01,2025-12-07,欧洲航线,1400.0,1400.0,USD/TEU,A/B_public_observed_or_pending_recheck,observed_value_kept,False,B,collected_public_excerpt,batch03_04_public_excerpt
2025-12-12,2025-12-08,2025-12-14,欧洲航线,,1466.5,USD/TEU,demo_interpolation_fill,linear_interpolation_or_boundary_nearest,True,PENDING,placeholder_pending,placeholder
2025-12-19,2025-12-15,2025-12-21,欧洲航线,1533.0,1533.0,USD/TEU,A/B_public_observed_or_pending_recheck,observed_value_kept,False,B,collected_public_excerpt,batch03_04_public_excerpt
2025-12-26,2025-12-22,2025-12-28,欧洲航线,1690.0,1690.0,USD/TEU,A/B_public_observed_or_pending_recheck,observed_value_kept,False,B,collected_public_excerpt,batch03_04_public_excerpt
2026-01-02,2025-12-29,2026-01-04,欧洲航线,,1666.25,USD/TEU,demo_interpolation_fill,linear_interpolation_or_boundary_nearest,True,A_publication_suspended,official_publication_suspended,official_publication_calendar
2026-01-09,2026-01-05,2026-01-11,欧洲航线,,1642.5,USD/TEU,demo_interpolation_fill,linear_interpolation_or_boundary_nearest,True,PENDING,placeholder_pending,placeholder
2026-01-16,2026-01-12,2026-01-18,欧洲航线,,1618.75,USD/TEU,demo_interpolation_fill,linear_interpolation_or_boundary_nearest,True,PENDING,placeholder_pending,placeholder
2026-01-23,2026-01-19,2026-01-25,欧洲航线,1595.0,1595.0,USD/TEU,A/B_public_observed_or_pending_recheck,observed_value_kept,False,B,collected_public_excerpt,batch03_04_public_excerpt
2026-01-30,2026-01-26,2026-02-01,欧洲航线,1418.0,1418.0,USD/TEU,A/B_public_observed_or_pending_recheck,observed_value_kept,False,B,collected_public_excerpt,batch03_04_public_excerpt
2026-02-06,2026-02-02,2026-02-08,欧洲航线,1403.0,1403.0,USD/TEU,A/B_public_observed_or_pending_recheck,observed_value_kept,False,B,collected_public_excerpt,batch03_04_public_excerpt
2026-02-13,2026-02-09,2026-02-15,欧洲航线,1361.0,1361.0,USD/TEU,A/B_public_observed_or_pending_recheck,observed_value_kept,False,B,collected_public_excerpt,batch03_04_public_excerpt
2026-02-20,2026-02-16,2026-02-22,欧洲航线,,1425.25,USD/TEU,demo_interpolation_fill,linear_interpolation_or_boundary_nearest,True,PENDING,placeholder_pending,placeholder
2026-02-27,2026-02-23,2026-03-01,欧洲航线,,1489.5,USD/TEU,demo_interpolation_fill,linear_interpolation_or_boundary_nearest,True,PENDING,placeholder_pending,placeholder
2026-03-06,2026-03-02,2026-03-08,欧洲航线,,1553.75,USD/TEU,demo_interpolation_fill,linear_interpolation_or_boundary_nearest,True,PENDING,placeholder_pending,placeholder
2026-03-13,2026-03-09,2026-03-15,欧洲航线,1618.0,1618.0,USD/TEU,A/B_public_observed_or_pending_recheck,observed_value_kept,False,B_pending_source_recheck,legacy_value_pending_source_recheck,legacy_public_clue_needs_source_recheck
2026-03-20,2026-03-16,2026-03-22,欧洲航线,1636.0,1636.0,USD/TEU,A/B_public_observed_or_pending_recheck,observed_value_kept,False,B_pending_source_recheck,legacy_value_pending_source_recheck,legacy_public_clue_needs_source_recheck
2026-03-27,2026-03-23,2026-03-29,欧洲航线,,1606.3333333333333,USD/TEU,demo_interpolation_fill,linear_interpolation_or_boundary_nearest,True,PENDING,placeholder_pending,placeholder
2026-04-03,2026-03-30,2026-04-05,欧洲航线,,1576.6666666666667,USD/TEU,demo_interpolation_fill,linear_interpolation_or_boundary_nearest,True,PENDING,placeholder_pending,placeholder
2026-04-10,2026-04-06,2026-04-12,欧洲航线,1547.0,1547.0,USD/TEU,A/B_public_observed_or_pending_recheck,observed_value_kept,False,B_pending_source_recheck,legacy_value_pending_source_recheck,legacy_public_clue_needs_source_recheck
2026-04-17,2026-04-13,2026-04-19,欧洲航线,1501.0,1501.0,USD/TEU,A/B_public_observed_or_pending_recheck,observed_value_kept,False,B_pending_original_text,collected_public_excerpt_pending_original_text,public_excerpt_batch_01
2026-04-24,2026-04-20,2026-04-26,欧洲航线,1497.0,1497.0,USD/TEU,A/B_public_observed_or_pending_recheck,observed_value_kept,False,B_pending_original_text,collected_public_excerpt_pending_original_text,public_excerpt_batch_01
2026-05-01,2026-04-27,2026-05-03,欧洲航线,,1546.5,USD/TEU,demo_interpolation_fill,linear_interpolation_or_boundary_nearest,True,B_pending_original_text,collected_public_excerpt_pending_original_text,public_excerpt_batch_01
2026-05-08,2026-05-04,2026-05-10,欧洲航线,1596.0,1596.0,USD/TEU,A/B_public_observed_or_pending_recheck,observed_value_kept,False,B_pending_original_text,collected_public_excerpt_pending_original_text,public_excerpt_batch_01
2026-05-15,2026-05-11,2026-05-17,欧洲航线,1816.0,1816.0,USD/TEU,A/B_public_observed_or_pending_recheck,observed_value_kept,False,A(composite_only)/B_pending_original_text(route_values),partial_composite_verified_routes_public_excerpt_pending,official_single_page_table_for_composite_plus_unverified_public_route_clues
2026-05-22,2026-05-18,2026-05-24,欧洲航线,1905.0,1905.0,USD/TEU,A/B_public_observed_or_pending_recheck,observed_value_kept,False,A/B,partial_or_complete_collected,official_single_page_plus_public_repost
2025-11-28,2025-11-24,2025-11-30,美东航线,2428.0,2428.0,USD/FEU,A/B_public_observed_or_pending_recheck,observed_value_kept,False,B,collected_public_excerpt,batch03_04_public_excerpt
2025-12-05,2025-12-01,2025-12-07,美东航线,2315.0,2315.0,USD/FEU,A/B_public_observed_or_pending_recheck,observed_value_kept,False,B,collected_public_excerpt,batch03_04_public_excerpt
2025-12-12,2025-12-08,2025-12-14,美东航线,,2580.5,USD/FEU,demo_interpolation_fill,linear_interpolation_or_boundary_nearest,True,PENDING,placeholder_pending,placeholder
2025-12-19,2025-12-15,2025-12-21,美东航线,2846.0,2846.0,USD/FEU,A/B_public_observed_or_pending_recheck,observed_value_kept,False,B,collected_public_excerpt,batch03_04_public_excerpt
2025-12-26,2025-12-22,2025-12-28,美东航线,3033.0,3033.0,USD/FEU,A/B_public_observed_or_pending_recheck,observed_value_kept,False,B,collected_public_excerpt,batch03_04_public_excerpt
2026-01-02,2025-12-29,2026-01-04,美东航线,,2998.75,USD/FEU,demo_interpolation_fill,linear_interpolation_or_boundary_nearest,True,A_publication_suspended,official_publication_suspended,official_publication_calendar
2026-01-09,2026-01-05,2026-01-11,美东航线,,2964.5,USD/FEU,demo_interpolation_fill,linear_interpolation_or_boundary_nearest,True,PENDING,placeholder_pending,placeholder
2026-01-16,2026-01-12,2026-01-18,美东航线,,2930.25,USD/FEU,demo_interpolation_fill,linear_interpolation_or_boundary_nearest,True,PENDING,placeholder_pending,placeholder
2026-01-23,2026-01-19,2026-01-25,美东航线,2896.0,2896.0,USD/FEU,A/B_public_observed_or_pending_recheck,observed_value_kept,False,B,collected_public_excerpt,batch03_04_public_excerpt
2026-01-30,2026-01-26,2026-02-01,美东航线,2605.0,2605.0,USD/FEU,A/B_public_observed_or_pending_recheck,observed_value_kept,False,B,collected_public_excerpt,batch03_04_public_excerpt
2026-02-06,2026-02-02,2026-02-08,美东航线,2530.0,2530.0,USD/FEU,A/B_public_observed_or_pending_recheck,observed_value_kept,False,B,collected_public_excerpt,batch03_04_public_excerpt
2026-02-13,2026-02-09,2026-02-15,美东航线,2524.0,2524.0,USD/FEU,A/B_public_observed_or_pending_recheck,observed_value_kept,False,B,collected_public_excerpt,batch03_04_public_excerpt
2026-02-20,2026-02-16,2026-02-22,美东航线,,2670.75,USD/FEU,demo_interpolation_fill,linear_interpolation_or_boundary_nearest,True,PENDING,placeholder_pending,placeholder
2026-02-27,2026-02-23,2026-03-01,美东航线,,2817.5,USD/FEU,demo_interpolation_fill,linear_interpolation_or_boundary_nearest,True,PENDING,placeholder_pending,placeholder
2026-03-06,2026-03-02,2026-03-08,美东航线,,2964.25,USD/FEU,demo_interpolation_fill,linear_interpolation_or_boundary_nearest,True,PENDING,placeholder_pending,placeholder
2026-03-13,2026-03-09,2026-03-15,美东航线,3111.0,3111.0,USD/FEU,A/B_public_observed_or_pending_recheck,observed_value_kept,False,B_pending_source_recheck,legacy_value_pending_source_recheck,legacy_public_clue_needs_source_recheck
2026-03-20,2026-03-16,2026-03-22,美东航线,2922.0,2922.0,USD/FEU,A/B_public_observed_or_pending_recheck,observed_value_kept,False,B_pending_source_recheck,legacy_value_pending_source_recheck,legacy_public_clue_needs_source_recheck
2026-03-27,2026-03-23,2026-03-29,美东航线,,3120.6666666666665,USD/FEU,demo_interpolation_fill,linear_interpolation_or_boundary_nearest,True,PENDING,placeholder_pending,placeholder
2026-04-03,2026-03-30,2026-04-05,美东航线,,3319.3333333333335,USD/FEU,demo_interpolation_fill,linear_interpolation_or_boundary_nearest,True,PENDING,placeholder_pending,placeholder
2026-04-10,2026-04-06,2026-04-12,美东航线,3518.0,3518.0,USD/FEU,A/B_public_observed_or_pending_recheck,observed_value_kept,False,B_pending_source_recheck,legacy_value_pending_source_recheck,legacy_public_clue_needs_source_recheck
2026-04-17,2026-04-13,2026-04-19,美东航线,3584.0,3584.0,USD/FEU,A/B_public_observed_or_pending_recheck,observed_value_kept,False,B_pending_original_text,collected_public_excerpt_pending_original_text,public_excerpt_batch_01
2026-04-24,2026-04-20,2026-04-26,美东航线,3570.0,3570.0,USD/FEU,A/B_public_observed_or_pending_recheck,observed_value_kept,False,B_pending_original_text,collected_public_excerpt_pending_original_text,public_excerpt_batch_01
2026-05-01,2026-04-27,2026-05-03,美东航线,,3691.0,USD/FEU,demo_interpolation_fill,linear_interpolation_or_boundary_nearest,True,B_pending_original_text,collected_public_excerpt_pending_original_text,public_excerpt_batch_01
2026-05-08,2026-05-04,2026-05-10,美东航线,3812.0,3812.0,USD/FEU,A/B_public_observed_or_pending_recheck,observed_value_kept,False,B_pending_original_text,collected_public_excerpt_pending_original_text,public_excerpt_batch_01
2026-05-15,2026-05-11,2026-05-17,美东航线,4224.0,4224.0,USD/FEU,A/B_public_observed_or_pending_recheck,observed_value_kept,False,A(composite_only)/B_pending_original_text(route_values),partial_composite_verified_routes_public_excerpt_pending,official_single_page_table_for_composite_plus_unverified_public_route_clues
2026-05-22,2026-05-18,2026-05-24,美东航线,4313.0,4313.0,USD/FEU,A/B_public_observed_or_pending_recheck,observed_value_kept,False,A/B,partial_or_complete_collected,official_single_page_plus_public_repost
2025-11-28,2025-11-24,2025-11-30,美西航线,1632.0,1632.0,USD/FEU,A/B_public_observed_or_pending_recheck,observed_value_kept,False,B,collected_public_excerpt,batch03_04_public_excerpt
2025-12-05,2025-12-01,2025-12-07,美西航线,1550.0,1550.0,USD/FEU,A/B_public_observed_or_pending_recheck,observed_value_kept,False,B,collected_public_excerpt,batch03_04_public_excerpt
2025-12-12,2025-12-08,2025-12-14,美西航线,,1771.0,USD/FEU,demo_interpolation_fill,linear_interpolation_or_boundary_nearest,True,PENDING,placeholder_pending,placeholder
2025-12-19,2025-12-15,2025-12-21,美西航线,1992.0,1992.0,USD/FEU,A/B_public_observed_or_pending_recheck,observed_value_kept,False,B,collected_public_excerpt,batch03_04_public_excerpt
2025-12-26,2025-12-22,2025-12-28,美西航线,2188.0,2188.0,USD/FEU,A/B_public_observed_or_pending_recheck,observed_value_kept,False,B,collected_public_excerpt,batch03_04_public_excerpt
2026-01-02,2025-12-29,2026-01-04,美西航线,,2162.0,USD/FEU,demo_interpolation_fill,linear_interpolation_or_boundary_nearest,True,A_publication_suspended,official_publication_suspended,official_publication_calendar
2026-01-09,2026-01-05,2026-01-11,美西航线,,2136.0,USD/FEU,demo_interpolation_fill,linear_interpolation_or_boundary_nearest,True,PENDING,placeholder_pending,placeholder
2026-01-16,2026-01-12,2026-01-18,美西航线,,2110.0,USD/FEU,demo_interpolation_fill,linear_interpolation_or_boundary_nearest,True,PENDING,placeholder_pending,placeholder
2026-01-23,2026-01-19,2026-01-25,美西航线,2084.0,2084.0,USD/FEU,A/B_public_observed_or_pending_recheck,observed_value_kept,False,B,collected_public_excerpt,batch03_04_public_excerpt
2026-01-30,2026-01-26,2026-02-01,美西航线,1867.0,1867.0,USD/FEU,A/B_public_observed_or_pending_recheck,observed_value_kept,False,B,collected_public_excerpt,batch03_04_public_excerpt
2026-02-06,2026-02-02,2026-02-08,美西航线,1801.0,1801.0,USD/FEU,A/B_public_observed_or_pending_recheck,observed_value_kept,False,B,collected_public_excerpt,batch03_04_public_excerpt
2026-02-13,2026-02-09,2026-02-15,美西航线,1787.0,1787.0,USD/FEU,A/B_public_observed_or_pending_recheck,observed_value_kept,False,B,collected_public_excerpt,batch03_04_public_excerpt
2026-02-20,2026-02-16,2026-02-22,美西航线,,1902.5,USD/FEU,demo_interpolation_fill,linear_interpolation_or_boundary_nearest,True,PENDING,placeholder_pending,placeholder
2026-02-27,2026-02-23,2026-03-01,美西航线,,2018.0,USD/FEU,demo_interpolation_fill,linear_interpolation_or_boundary_nearest,True,PENDING,placeholder_pending,placeholder
2026-03-06,2026-03-02,2026-03-08,美西航线,,2133.5,USD/FEU,demo_interpolation_fill,linear_interpolation_or_boundary_nearest,True,PENDING,placeholder_pending,placeholder
2026-03-13,2026-03-09,2026-03-15,美西航线,2249.0,2249.0,USD/FEU,A/B_public_observed_or_pending_recheck,observed_value_kept,False,B_pending_source_recheck,legacy_value_pending_source_recheck,legacy_public_clue_needs_source_recheck
2026-03-20,2026-03-16,2026-03-22,美西航线,2054.0,2054.0,USD/FEU,A/B_public_observed_or_pending_recheck,observed_value_kept,False,B_pending_source_recheck,legacy_value_pending_source_recheck,legacy_public_clue_needs_source_recheck
2026-03-27,2026-03-23,2026-03-29,美西航线,,2220.0,USD/FEU,demo_interpolation_fill,linear_interpolation_or_boundary_nearest,True,PENDING,placeholder_pending,placeholder
2026-04-03,2026-03-30,2026-04-05,美西航线,,2386.0,USD/FEU,demo_interpolation_fill,linear_interpolation_or_boundary_nearest,True,PENDING,placeholder_pending,placeholder
2026-04-10,2026-04-06,2026-04-12,美西航线,2552.0,2552.0,USD/FEU,A/B_public_observed_or_pending_recheck,observed_value_kept,False,B_pending_source_recheck,legacy_value_pending_source_recheck,legacy_public_clue_needs_source_recheck
2026-04-17,2026-04-13,2026-04-19,美西航线,2612.0,2612.0,USD/FEU,A/B_public_observed_or_pending_recheck,observed_value_kept,False,B_pending_original_text,collected_public_excerpt_pending_original_text,public_excerpt_batch_01
2026-04-24,2026-04-20,2026-04-26,美西航线,2586.0,2586.0,USD/FEU,A/B_public_observed_or_pending_recheck,observed_value_kept,False,B_pending_original_text,collected_public_excerpt_pending_original_text,public_excerpt_batch_01
2026-05-01,2026-04-27,2026-05-03,美西航线,,2706.0,USD/FEU,demo_interpolation_fill,linear_interpolation_or_boundary_nearest,True,B_pending_original_text,collected_public_excerpt_pending_original_text,public_excerpt_batch_01
2026-05-08,2026-05-04,2026-05-10,美西航线,2826.0,2826.0,USD/FEU,A/B_public_observed_or_pending_recheck,observed_value_kept,False,B_pending_original_text,collected_public_excerpt_pending_original_text,public_excerpt_batch_01
2026-05-15,2026-05-11,2026-05-17,美西航线,3118.0,3118.0,USD/FEU,A/B_public_observed_or_pending_recheck,observed_value_kept,False,A(composite_only)/B_pending_original_text(route_values),partial_composite_verified_routes_public_excerpt_pending,official_single_page_table_for_composite_plus_unverified_public_route_clues
2026-05-22,2026-05-18,2026-05-24,美西航线,3154.0,3154.0,USD/FEU,A/B_public_observed_or_pending_recheck,observed_value_kept,False,A/B,partial_or_complete_collected,official_single_page_plus_public_repost
