layer,item,coverage_pct,difficulty
A/B真实公开层,SCFI,65.38,SCFI虽已有较多公开摘录和历史线索，但仍有周次缺少可复核网页正文/截图；上海航运交易所图表接口本轮主要确认CCFI/SCFIS，SCFI图表PNG尚未完成可信tooltip抽取与口径验证，不能强行升级。
A/B真实公开层,CCFI,30.77,A/B层CCFI官方/转载数字仍稀疏；本轮主要通过上海航运交易所图表接口补充C级参考，不能覆盖真实主表。
A/B真实公开层,SCFIS,18.75,A/B层SCFIS官方数值较少，且SCFIS多为周一轨迹值，与周五周度计划存在日期对齐问题；本轮C级欧洲/美西图表参考提升明显。
A/B真实公开层,USD/CNY周汇率,3.85,汇率本地仅有1周SAFE核验值；搜索接口失败，直接访问未稳定拿到26周历史中间价表，不能用估算或记忆值补A/B层。
C图表参考层,CCFI图表C级参考,73.08,本轮计划表只生成/抽取到19个唯一CCFI日期，部分日期图片重复或tooltip日期未变化，需继续扩展参数与人工复核。
C图表参考层,SCFIS欧洲图表C级参考,84.62,本轮抽取22个唯一日期，距离完整26周仍差4周，主要受当前目标日期清单和图表可读范围限制。
C图表参考层,SCFIS美西图表C级参考,84.62,本轮抽取22个唯一日期，距离完整26周仍差4周，主要受当前目标日期清单和图表可读范围限制。
A/B真实公开层,整体,39.23,整体覆盖率低于目标，主要受汇率A/B层、SCFIS A/B层、CCFI A/B层拖累；C图表层有所改善，但不能替代正式真实层。
A/B/C参考合并层,整体,54.81,整体覆盖率低于目标，主要受汇率A/B层、SCFIS A/B层、CCFI A/B层拖累；C图表层有所改善，但不能替代正式真实层。
