path,directory,filename,suffix,size_kb,category,recommended_action
03-analysis/CR-04A_指标计算结果_template.xlsx,03-analysis,CR-04A_指标计算结果_template.xlsx,.xlsx,9.5,analysis_or_report,保留或归档待确认：分析/决策报告草稿
04-decision-report/CR-01_业务痛点与价值主张.docx,04-decision-report,CR-01_业务痛点与价值主张.docx,.docx,37.1,analysis_or_report,保留或归档待确认：分析/决策报告草稿
04-decision-report/CR-01_业务痛点与价值主张_outline.md,04-decision-report,CR-01_业务痛点与价值主张_outline.md,.md,1.1,analysis_or_report,保留或归档待确认：分析/决策报告草稿
04-decision-report/CR-03_工作流设计说明书.docx,04-decision-report,CR-03_工作流设计说明书.docx,.docx,36.8,analysis_or_report,保留或归档待确认：分析/决策报告草稿
04-decision-report/CR-03_工作流设计说明书_outline.md,04-decision-report,CR-03_工作流设计说明书_outline.md,.md,1.3,analysis_or_report,保留或归档待确认：分析/决策报告草稿
04-decision-report/CR-04B_业务决策建议.docx,04-decision-report,CR-04B_业务决策建议.docx,.docx,36.7,analysis_or_report,保留或归档待确认：分析/决策报告草稿
04-decision-report/CR-04B_业务决策建议_outline.md,04-decision-report,CR-04B_业务决策建议_outline.md,.md,1.2,analysis_or_report,保留或归档待确认：分析/决策报告草稿
04-decision-report/CR-05_分析报告.docx,04-decision-report,CR-05_分析报告.docx,.docx,36.8,analysis_or_report,保留或归档待确认：分析/决策报告草稿
04-decision-report/CR-05_分析报告_outline.md,04-decision-report,CR-05_分析报告_outline.md,.md,1.3,analysis_or_report,保留或归档待确认：分析/决策报告草稿
01-raw-data/collection-drafts/batch-01/batch-01-collection-notes.md,01-raw-data/collection-drafts/batch-01,batch-01-collection-notes.md,.md,4.0,draft_evidence,保留但可移入archive：证据/草稿，支持溯源
01-raw-data/collection-drafts/batch-01/batch-01-coverage-gaps.csv,01-raw-data/collection-drafts/batch-01,batch-01-coverage-gaps.csv,.csv,1.1,draft_evidence,保留但可移入archive：证据/草稿，支持溯源
01-raw-data/collection-drafts/batch-01/batch-01-public-evidence-summary.txt,01-raw-data/collection-drafts/batch-01,batch-01-public-evidence-summary.txt,.txt,1.4,draft_evidence,保留但可移入archive：证据/草稿，支持溯源
01-raw-data/collection-drafts/batch-01/batch-01-radar-index-draft.csv,01-raw-data/collection-drafts/batch-01,batch-01-radar-index-draft.csv,.csv,11.9,draft_evidence,保留但可移入archive：证据/草稿，支持溯源
01-raw-data/collection-drafts/batch-01/search-2026-05-08-scfi.html,01-raw-data/collection-drafts/batch-01,search-2026-05-08-scfi.html,.html,95.1,draft_evidence,保留但可移入archive：证据/草稿，支持溯源
01-raw-data/collection-drafts/batch-01/sse-ccfi-2026-04-10.txt,01-raw-data/collection-drafts/batch-01,sse-ccfi-2026-04-10.txt,.txt,32.4,draft_evidence,保留但可移入archive：证据/草稿，支持溯源
01-raw-data/collection-drafts/batch-01/sse-ccfi-2026-04-17.txt,01-raw-data/collection-drafts/batch-01,sse-ccfi-2026-04-17.txt,.txt,32.4,draft_evidence,保留但可移入archive：证据/草稿，支持溯源
01-raw-data/collection-drafts/batch-01/sse-ccfi-2026-04-24.txt,01-raw-data/collection-drafts/batch-01,sse-ccfi-2026-04-24.txt,.txt,32.4,draft_evidence,保留但可移入archive：证据/草稿，支持溯源
01-raw-data/collection-drafts/batch-01/sse-ccfi-2026-05-01.txt,01-raw-data/collection-drafts/batch-01,sse-ccfi-2026-05-01.txt,.txt,32.4,draft_evidence,保留但可移入archive：证据/草稿，支持溯源
01-raw-data/collection-drafts/batch-01/sse-ccfi-2026-05-08.txt,01-raw-data/collection-drafts/batch-01,sse-ccfi-2026-05-08.txt,.txt,32.4,draft_evidence,保留但可移入archive：证据/草稿，支持溯源
01-raw-data/collection-drafts/batch-01/sse-ccfi-2026-05-15.txt,01-raw-data/collection-drafts/batch-01,sse-ccfi-2026-05-15.txt,.txt,32.4,draft_evidence,保留但可移入archive：证据/草稿，支持溯源
01-raw-data/collection-drafts/batch-01/sse-ccfi-2026-05-22.txt,01-raw-data/collection-drafts/batch-01,sse-ccfi-2026-05-22.txt,.txt,32.4,draft_evidence,保留但可移入archive：证据/草稿，支持溯源
01-raw-data/collection-drafts/batch-01/sse-ccfi-page.txt,01-raw-data/collection-drafts/batch-01,sse-ccfi-page.txt,.txt,29.4,draft_evidence,保留但可移入archive：证据/草稿，支持溯源
01-raw-data/collection-drafts/batch-01/sse-scfi-2026-04-10.txt,01-raw-data/collection-drafts/batch-01,sse-scfi-2026-04-10.txt,.txt,32.4,draft_evidence,保留但可移入archive：证据/草稿，支持溯源
01-raw-data/collection-drafts/batch-01/sse-scfi-2026-04-17.txt,01-raw-data/collection-drafts/batch-01,sse-scfi-2026-04-17.txt,.txt,32.4,draft_evidence,保留但可移入archive：证据/草稿，支持溯源
01-raw-data/collection-drafts/batch-01/sse-scfi-2026-04-24.txt,01-raw-data/collection-drafts/batch-01,sse-scfi-2026-04-24.txt,.txt,32.4,draft_evidence,保留但可移入archive：证据/草稿，支持溯源
01-raw-data/collection-drafts/batch-01/sse-scfi-2026-05-01.txt,01-raw-data/collection-drafts/batch-01,sse-scfi-2026-05-01.txt,.txt,32.4,draft_evidence,保留但可移入archive：证据/草稿，支持溯源
01-raw-data/collection-drafts/batch-01/sse-scfi-2026-05-08.txt,01-raw-data/collection-drafts/batch-01,sse-scfi-2026-05-08.txt,.txt,32.4,draft_evidence,保留但可移入archive：证据/草稿，支持溯源
01-raw-data/collection-drafts/batch-01/sse-scfi-2026-05-15.txt,01-raw-data/collection-drafts/batch-01,sse-scfi-2026-05-15.txt,.txt,32.4,draft_evidence,保留但可移入archive：证据/草稿，支持溯源
01-raw-data/collection-drafts/batch-01/sse-scfi-2026-05-22.txt,01-raw-data/collection-drafts/batch-01,sse-scfi-2026-05-22.txt,.txt,32.4,draft_evidence,保留但可移入archive：证据/草稿，支持溯源
01-raw-data/collection-drafts/batch-01/sse-scfi-page.txt,01-raw-data/collection-drafts/batch-01,sse-scfi-page.txt,.txt,33.4,draft_evidence,保留但可移入archive：证据/草稿，支持溯源
01-raw-data/collection-drafts/batch-03/collection-notes.md,01-raw-data/collection-drafts/batch-03,collection-notes.md,.md,3.1,draft_evidence,保留但可移入archive：证据/草稿，支持溯源
01-raw-data/collection-drafts/batch-03/source-excerpts.txt,01-raw-data/collection-drafts/batch-03,source-excerpts.txt,.txt,2.4,draft_evidence,保留但可移入archive：证据/草稿，支持溯源
01-raw-data/collection-drafts/batch-03/week15-20-missing-log.csv,01-raw-data/collection-drafts/batch-03,week15-20-missing-log.csv,.csv,1.4,draft_evidence,保留但可移入archive：证据/草稿，支持溯源
01-raw-data/collection-drafts/batch-03/week15-20-verified-draft.csv,01-raw-data/collection-drafts/batch-03,week15-20-verified-draft.csv,.csv,7.4,draft_evidence,保留但可移入archive：证据/草稿，支持溯源
01-raw-data/collection-drafts/batch-04/batch-04-summary.md,01-raw-data/collection-drafts/batch-04,batch-04-summary.md,.md,2.1,draft_evidence,保留但可移入archive：证据/草稿，支持溯源
01-raw-data/collection-drafts/batch-04/evidence-notes.txt,01-raw-data/collection-drafts/batch-04,evidence-notes.txt,.txt,2.9,draft_evidence,保留但可移入archive：证据/草稿，支持溯源
01-raw-data/collection-drafts/batch-04/week21-26-scfi-scfis-ccfi-draft.csv,01-raw-data/collection-drafts/batch-04,week21-26-scfi-scfis-ccfi-draft.csv,.csv,5.5,draft_evidence,保留但可移入archive：证据/草稿，支持溯源
01-raw-data/collection-drafts/manual-weekly/baidu_2026年05月05日_维运网_集运周报_SCFI_上海航运交易所.html,01-raw-data/collection-drafts/manual-weekly,baidu_2026年05月05日_维运网_集运周报_SCFI_上海航运交易所.html,.html,1.5,draft_evidence,保留但可移入archive：证据/草稿，支持溯源
01-raw-data/collection-drafts/manual-weekly/baidu_2026年05月12日_维运网_集运周报_SCFI_1954_21_1596_2463_2826_3812.html,01-raw-data/collection-drafts/manual-weekly,baidu_2026年05月12日_维运网_集运周报_SCFI_1954_21_1596_2463_2826_3812.html,.html,1.5,draft_evidence,保留但可移入archive：证据/草稿，支持溯源
01-raw-data/collection-drafts/manual-weekly/baidu_2026年05月19日_维运网_集运周报_SCFI_2140_66_1816_3145_3118_4224.html,01-raw-data/collection-drafts/manual-weekly,baidu_2026年05月19日_维运网_集运周报_SCFI_2140_66_1816_3145_3118_4224.html,.html,1.5,draft_evidence,保留但可移入archive：证据/草稿，支持溯源
01-raw-data/collection-drafts/manual-weekly/ccfi_2026_04_03_get_form.html,01-raw-data/collection-drafts/manual-weekly,ccfi_2026_04_03_get_form.html,.html,30.1,draft_evidence,保留但可移入archive：证据/草稿，支持溯源
01-raw-data/collection-drafts/manual-weekly/ccfi_2026_04_03_https_www_sse_net_cn_index_ccfilist_date_2026_04_03.html,01-raw-data/collection-drafts/manual-weekly,ccfi_2026_04_03_https_www_sse_net_cn_index_ccfilist_date_2026_04_03.html,.html,39.9,draft_evidence,保留但可移入archive：证据/草稿，支持溯源
01-raw-data/collection-drafts/manual-weekly/ccfi_2026_04_03_https_www_sse_net_cn_index_singleIndex_indexType_ccfi_date_2026_04_03.html,01-raw-data/collection-drafts/manual-weekly,ccfi_2026_04_03_https_www_sse_net_cn_index_singleIndex_indexType_ccfi_date_2026_04_03.html,.html,30.1,draft_evidence,保留但可移入archive：证据/草稿，支持溯源
01-raw-data/collection-drafts/manual-weekly/ccfi_2026_04_03_https_www_sse_net_cn_index_singleIndex_indexType_ccfi_publishDate_2026_04_03.html,01-raw-data/collection-drafts/manual-weekly,ccfi_2026_04_03_https_www_sse_net_cn_index_singleIndex_indexType_ccfi_publishDate_2026_04_03.html,.html,30.1,draft_evidence,保留但可移入archive：证据/草稿，支持溯源
01-raw-data/collection-drafts/manual-weekly/ccfi_2026_04_03_post_form.html,01-raw-data/collection-drafts/manual-weekly,ccfi_2026_04_03_post_form.html,.html,30.1,draft_evidence,保留但可移入archive：证据/草稿，支持溯源
01-raw-data/collection-drafts/manual-weekly/ccfi_2026_04_10_get_form.html,01-raw-data/collection-drafts/manual-weekly,ccfi_2026_04_10_get_form.html,.html,30.1,draft_evidence,保留但可移入archive：证据/草稿，支持溯源
01-raw-data/collection-drafts/manual-weekly/ccfi_2026_04_10_https_www_sse_net_cn_index_ccfilist_date_2026_04_10.html,01-raw-data/collection-drafts/manual-weekly,ccfi_2026_04_10_https_www_sse_net_cn_index_ccfilist_date_2026_04_10.html,.html,39.9,draft_evidence,保留但可移入archive：证据/草稿，支持溯源
01-raw-data/collection-drafts/manual-weekly/ccfi_2026_04_10_https_www_sse_net_cn_index_singleIndex_indexType_ccfi_date_2026_04_10.html,01-raw-data/collection-drafts/manual-weekly,ccfi_2026_04_10_https_www_sse_net_cn_index_singleIndex_indexType_ccfi_date_2026_04_10.html,.html,30.1,draft_evidence,保留但可移入archive：证据/草稿，支持溯源
01-raw-data/collection-drafts/manual-weekly/ccfi_2026_04_10_https_www_sse_net_cn_index_singleIndex_indexType_ccfi_publishDate_2026_04_10.html,01-raw-data/collection-drafts/manual-weekly,ccfi_2026_04_10_https_www_sse_net_cn_index_singleIndex_indexType_ccfi_publishDate_2026_04_10.html,.html,30.1,draft_evidence,保留但可移入archive：证据/草稿，支持溯源
01-raw-data/collection-drafts/manual-weekly/ccfi_2026_04_10_post_form.html,01-raw-data/collection-drafts/manual-weekly,ccfi_2026_04_10_post_form.html,.html,30.1,draft_evidence,保留但可移入archive：证据/草稿，支持溯源
01-raw-data/collection-drafts/manual-weekly/ccfi_2026_04_17_get_form.html,01-raw-data/collection-drafts/manual-weekly,ccfi_2026_04_17_get_form.html,.html,30.1,draft_evidence,保留但可移入archive：证据/草稿，支持溯源
01-raw-data/collection-drafts/manual-weekly/ccfi_2026_04_17_https_www_sse_net_cn_index_ccfilist_date_2026_04_17.html,01-raw-data/collection-drafts/manual-weekly,ccfi_2026_04_17_https_www_sse_net_cn_index_ccfilist_date_2026_04_17.html,.html,39.9,draft_evidence,保留但可移入archive：证据/草稿，支持溯源
01-raw-data/collection-drafts/manual-weekly/ccfi_2026_04_17_https_www_sse_net_cn_index_singleIndex_indexType_ccfi_date_2026_04_17.html,01-raw-data/collection-drafts/manual-weekly,ccfi_2026_04_17_https_www_sse_net_cn_index_singleIndex_indexType_ccfi_date_2026_04_17.html,.html,30.1,draft_evidence,保留但可移入archive：证据/草稿，支持溯源
01-raw-data/collection-drafts/manual-weekly/ccfi_2026_04_17_https_www_sse_net_cn_index_singleIndex_indexType_ccfi_publishDate_2026_04_17.html,01-raw-data/collection-drafts/manual-weekly,ccfi_2026_04_17_https_www_sse_net_cn_index_singleIndex_indexType_ccfi_publishDate_2026_04_17.html,.html,30.1,draft_evidence,保留但可移入archive：证据/草稿，支持溯源
01-raw-data/collection-drafts/manual-weekly/ccfi_2026_04_17_post_form.html,01-raw-data/collection-drafts/manual-weekly,ccfi_2026_04_17_post_form.html,.html,30.1,draft_evidence,保留但可移入archive：证据/草稿，支持溯源
01-raw-data/collection-drafts/manual-weekly/ccfi_2026_04_24_get_form.html,01-raw-data/collection-drafts/manual-weekly,ccfi_2026_04_24_get_form.html,.html,30.1,draft_evidence,保留但可移入archive：证据/草稿，支持溯源
01-raw-data/collection-drafts/manual-weekly/ccfi_2026_04_24_https_www_sse_net_cn_index_ccfilist_date_2026_04_24.html,01-raw-data/collection-drafts/manual-weekly,ccfi_2026_04_24_https_www_sse_net_cn_index_ccfilist_date_2026_04_24.html,.html,39.9,draft_evidence,保留但可移入archive：证据/草稿，支持溯源
01-raw-data/collection-drafts/manual-weekly/ccfi_2026_04_24_https_www_sse_net_cn_index_singleIndex_indexType_ccfi_date_2026_04_24.html,01-raw-data/collection-drafts/manual-weekly,ccfi_2026_04_24_https_www_sse_net_cn_index_singleIndex_indexType_ccfi_date_2026_04_24.html,.html,30.1,draft_evidence,保留但可移入archive：证据/草稿，支持溯源
01-raw-data/collection-drafts/manual-weekly/ccfi_2026_04_24_https_www_sse_net_cn_index_singleIndex_indexType_ccfi_publishDate_2026_04_24.html,01-raw-data/collection-drafts/manual-weekly,ccfi_2026_04_24_https_www_sse_net_cn_index_singleIndex_indexType_ccfi_publishDate_2026_04_24.html,.html,30.1,draft_evidence,保留但可移入archive：证据/草稿，支持溯源
01-raw-data/collection-drafts/manual-weekly/ccfi_2026_04_24_post_form.html,01-raw-data/collection-drafts/manual-weekly,ccfi_2026_04_24_post_form.html,.html,30.1,draft_evidence,保留但可移入archive：证据/草稿，支持溯源
01-raw-data/collection-drafts/manual-weekly/ccfi_2026_05_01_get_form.html,01-raw-data/collection-drafts/manual-weekly,ccfi_2026_05_01_get_form.html,.html,30.1,draft_evidence,保留但可移入archive：证据/草稿，支持溯源
01-raw-data/collection-drafts/manual-weekly/ccfi_2026_05_01_https_www_sse_net_cn_index_ccfilist_date_2026_05_01.html,01-raw-data/collection-drafts/manual-weekly,ccfi_2026_05_01_https_www_sse_net_cn_index_ccfilist_date_2026_05_01.html,.html,39.9,draft_evidence,保留但可移入archive：证据/草稿，支持溯源
01-raw-data/collection-drafts/manual-weekly/ccfi_2026_05_01_https_www_sse_net_cn_index_singleIndex_indexType_ccfi_date_2026_05_01.html,01-raw-data/collection-drafts/manual-weekly,ccfi_2026_05_01_https_www_sse_net_cn_index_singleIndex_indexType_ccfi_date_2026_05_01.html,.html,30.1,draft_evidence,保留但可移入archive：证据/草稿，支持溯源
01-raw-data/collection-drafts/manual-weekly/ccfi_2026_05_01_https_www_sse_net_cn_index_singleIndex_indexType_ccfi_publishDate_2026_05_01.html,01-raw-data/collection-drafts/manual-weekly,ccfi_2026_05_01_https_www_sse_net_cn_index_singleIndex_indexType_ccfi_publishDate_2026_05_01.html,.html,30.1,draft_evidence,保留但可移入archive：证据/草稿，支持溯源
01-raw-data/collection-drafts/manual-weekly/ccfi_2026_05_01_post_form.html,01-raw-data/collection-drafts/manual-weekly,ccfi_2026_05_01_post_form.html,.html,30.1,draft_evidence,保留但可移入archive：证据/草稿，支持溯源
01-raw-data/collection-drafts/manual-weekly/ccfi_2026_05_08_get_form.html,01-raw-data/collection-drafts/manual-weekly,ccfi_2026_05_08_get_form.html,.html,30.1,draft_evidence,保留但可移入archive：证据/草稿，支持溯源
01-raw-data/collection-drafts/manual-weekly/ccfi_2026_05_08_https_www_sse_net_cn_index_ccfilist_date_2026_05_08.html,01-raw-data/collection-drafts/manual-weekly,ccfi_2026_05_08_https_www_sse_net_cn_index_ccfilist_date_2026_05_08.html,.html,39.9,draft_evidence,保留但可移入archive：证据/草稿，支持溯源
01-raw-data/collection-drafts/manual-weekly/ccfi_2026_05_08_https_www_sse_net_cn_index_singleIndex_indexType_ccfi_date_2026_05_08.html,01-raw-data/collection-drafts/manual-weekly,ccfi_2026_05_08_https_www_sse_net_cn_index_singleIndex_indexType_ccfi_date_2026_05_08.html,.html,30.1,draft_evidence,保留但可移入archive：证据/草稿，支持溯源
01-raw-data/collection-drafts/manual-weekly/ccfi_2026_05_08_https_www_sse_net_cn_index_singleIndex_indexType_ccfi_publishDate_2026_05_08.html,01-raw-data/collection-drafts/manual-weekly,ccfi_2026_05_08_https_www_sse_net_cn_index_singleIndex_indexType_ccfi_publishDate_2026_05_08.html,.html,30.1,draft_evidence,保留但可移入archive：证据/草稿，支持溯源
01-raw-data/collection-drafts/manual-weekly/ccfi_2026_05_08_post_form.html,01-raw-data/collection-drafts/manual-weekly,ccfi_2026_05_08_post_form.html,.html,30.1,draft_evidence,保留但可移入archive：证据/草稿，支持溯源
01-raw-data/collection-drafts/manual-weekly/ccfi_2026_05_15_get_form.html,01-raw-data/collection-drafts/manual-weekly,ccfi_2026_05_15_get_form.html,.html,30.1,draft_evidence,保留但可移入archive：证据/草稿，支持溯源
01-raw-data/collection-drafts/manual-weekly/ccfi_2026_05_15_https_www_sse_net_cn_index_ccfilist_date_2026_05_15.html,01-raw-data/collection-drafts/manual-weekly,ccfi_2026_05_15_https_www_sse_net_cn_index_ccfilist_date_2026_05_15.html,.html,39.9,draft_evidence,保留但可移入archive：证据/草稿，支持溯源
01-raw-data/collection-drafts/manual-weekly/ccfi_2026_05_15_https_www_sse_net_cn_index_singleIndex_indexType_ccfi_date_2026_05_15.html,01-raw-data/collection-drafts/manual-weekly,ccfi_2026_05_15_https_www_sse_net_cn_index_singleIndex_indexType_ccfi_date_2026_05_15.html,.html,30.1,draft_evidence,保留但可移入archive：证据/草稿，支持溯源
01-raw-data/collection-drafts/manual-weekly/ccfi_2026_05_15_https_www_sse_net_cn_index_singleIndex_indexType_ccfi_publishDate_2026_05_15.html,01-raw-data/collection-drafts/manual-weekly,ccfi_2026_05_15_https_www_sse_net_cn_index_singleIndex_indexType_ccfi_publishDate_2026_05_15.html,.html,30.1,draft_evidence,保留但可移入archive：证据/草稿，支持溯源
01-raw-data/collection-drafts/manual-weekly/ccfi_2026_05_15_post_form.html,01-raw-data/collection-drafts/manual-weekly,ccfi_2026_05_15_post_form.html,.html,30.1,draft_evidence,保留但可移入archive：证据/草稿，支持溯源
01-raw-data/collection-drafts/manual-weekly/ccfi_2026_05_22_get_form.html,01-raw-data/collection-drafts/manual-weekly,ccfi_2026_05_22_get_form.html,.html,30.1,draft_evidence,保留但可移入archive：证据/草稿，支持溯源
01-raw-data/collection-drafts/manual-weekly/ccfi_2026_05_22_https_www_sse_net_cn_index_ccfilist_date_2026_05_22.html,01-raw-data/collection-drafts/manual-weekly,ccfi_2026_05_22_https_www_sse_net_cn_index_ccfilist_date_2026_05_22.html,.html,39.9,draft_evidence,保留但可移入archive：证据/草稿，支持溯源
01-raw-data/collection-drafts/manual-weekly/ccfi_2026_05_22_https_www_sse_net_cn_index_singleIndex_indexType_ccfi_date_2026_05_22.html,01-raw-data/collection-drafts/manual-weekly,ccfi_2026_05_22_https_www_sse_net_cn_index_singleIndex_indexType_ccfi_date_2026_05_22.html,.html,30.1,draft_evidence,保留但可移入archive：证据/草稿，支持溯源
01-raw-data/collection-drafts/manual-weekly/ccfi_2026_05_22_https_www_sse_net_cn_index_singleIndex_indexType_ccfi_publishDate_2026_05_22.html,01-raw-data/collection-drafts/manual-weekly,ccfi_2026_05_22_https_www_sse_net_cn_index_singleIndex_indexType_ccfi_publishDate_2026_05_22.html,.html,30.1,draft_evidence,保留但可移入archive：证据/草稿，支持溯源
01-raw-data/collection-drafts/manual-weekly/ccfi_2026_05_22_post_form.html,01-raw-data/collection-drafts/manual-weekly,ccfi_2026_05_22_post_form.html,.html,30.1,draft_evidence,保留但可移入archive：证据/草稿，支持溯源
01-raw-data/collection-drafts/manual-weekly/direct-access-probe.csv,01-raw-data/collection-drafts/manual-weekly,direct-access-probe.csv,.csv,2.4,draft_evidence,保留但可移入archive：证据/草稿，支持溯源
01-raw-data/collection-drafts/manual-weekly/https_cj_sina_cn_article_norm_detail_url_https_3A_2F_2Ffinance_sina_com_cn_2Fwm_.html,01-raw-data/collection-drafts/manual-weekly,https_cj_sina_cn_article_norm_detail_url_https_3A_2F_2Ffinance_sina_com_cn_2Fwm_.html,.html,118.2,draft_evidence,保留但可移入archive：证据/草稿，支持溯源
01-raw-data/collection-drafts/manual-weekly/https_www_sse_net_cn_index_scfilist.html,01-raw-data/collection-drafts/manual-weekly,https_www_sse_net_cn_index_scfilist.html,.html,42.2,draft_evidence,保留但可移入archive：证据/草稿，支持溯源
01-raw-data/collection-drafts/manual-weekly/https_www_sse_net_cn_index_singleIndex_indexType_scfi.html,01-raw-data/collection-drafts/manual-weekly,https_www_sse_net_cn_index_singleIndex_indexType_scfi.html,.html,34.2,draft_evidence,保留但可移入archive：证据/草稿，支持溯源
01-raw-data/collection-drafts/manual-weekly/scfi_2026_04_03_get_form.html,01-raw-data/collection-drafts/manual-weekly,scfi_2026_04_03_get_form.html,.html,33.7,draft_evidence,保留但可移入archive：证据/草稿，支持溯源
01-raw-data/collection-drafts/manual-weekly/scfi_2026_04_03_https_www_sse_net_cn_index_scfilist_date_2026_04_03.html,01-raw-data/collection-drafts/manual-weekly,scfi_2026_04_03_https_www_sse_net_cn_index_scfilist_date_2026_04_03.html,.html,42.2,draft_evidence,保留但可移入archive：证据/草稿，支持溯源
01-raw-data/collection-drafts/manual-weekly/scfi_2026_04_03_https_www_sse_net_cn_index_singleIndex_indexType_scfi_date_2026_04_03.html,01-raw-data/collection-drafts/manual-weekly,scfi_2026_04_03_https_www_sse_net_cn_index_singleIndex_indexType_scfi_date_2026_04_03.html,.html,33.7,draft_evidence,保留但可移入archive：证据/草稿，支持溯源
01-raw-data/collection-drafts/manual-weekly/scfi_2026_04_03_https_www_sse_net_cn_index_singleIndex_indexType_scfi_publishDate_2026_04_03.html,01-raw-data/collection-drafts/manual-weekly,scfi_2026_04_03_https_www_sse_net_cn_index_singleIndex_indexType_scfi_publishDate_2026_04_03.html,.html,34.2,draft_evidence,保留但可移入archive：证据/草稿，支持溯源
01-raw-data/collection-drafts/manual-weekly/scfi_2026_04_03_post_form.html,01-raw-data/collection-drafts/manual-weekly,scfi_2026_04_03_post_form.html,.html,33.7,draft_evidence,保留但可移入archive：证据/草稿，支持溯源
01-raw-data/collection-drafts/manual-weekly/scfi_2026_04_10_get_form.html,01-raw-data/collection-drafts/manual-weekly,scfi_2026_04_10_get_form.html,.html,33.7,draft_evidence,保留但可移入archive：证据/草稿，支持溯源
01-raw-data/collection-drafts/manual-weekly/scfi_2026_04_10_https_www_sse_net_cn_index_scfilist_date_2026_04_10.html,01-raw-data/collection-drafts/manual-weekly,scfi_2026_04_10_https_www_sse_net_cn_index_scfilist_date_2026_04_10.html,.html,42.2,draft_evidence,保留但可移入archive：证据/草稿，支持溯源
01-raw-data/collection-drafts/manual-weekly/scfi_2026_04_10_https_www_sse_net_cn_index_singleIndex_indexType_scfi_date_2026_04_10.html,01-raw-data/collection-drafts/manual-weekly,scfi_2026_04_10_https_www_sse_net_cn_index_singleIndex_indexType_scfi_date_2026_04_10.html,.html,33.7,draft_evidence,保留但可移入archive：证据/草稿，支持溯源
01-raw-data/collection-drafts/manual-weekly/scfi_2026_04_10_https_www_sse_net_cn_index_singleIndex_indexType_scfi_publishDate_2026_04_10.html,01-raw-data/collection-drafts/manual-weekly,scfi_2026_04_10_https_www_sse_net_cn_index_singleIndex_indexType_scfi_publishDate_2026_04_10.html,.html,34.2,draft_evidence,保留但可移入archive：证据/草稿，支持溯源
01-raw-data/collection-drafts/manual-weekly/scfi_2026_04_10_post_form.html,01-raw-data/collection-drafts/manual-weekly,scfi_2026_04_10_post_form.html,.html,33.7,draft_evidence,保留但可移入archive：证据/草稿，支持溯源
01-raw-data/collection-drafts/manual-weekly/scfi_2026_04_17_get_form.html,01-raw-data/collection-drafts/manual-weekly,scfi_2026_04_17_get_form.html,.html,33.7,draft_evidence,保留但可移入archive：证据/草稿，支持溯源
01-raw-data/collection-drafts/manual-weekly/scfi_2026_04_17_https_www_sse_net_cn_index_scfilist_date_2026_04_17.html,01-raw-data/collection-drafts/manual-weekly,scfi_2026_04_17_https_www_sse_net_cn_index_scfilist_date_2026_04_17.html,.html,42.2,draft_evidence,保留但可移入archive：证据/草稿，支持溯源
01-raw-data/collection-drafts/manual-weekly/scfi_2026_04_17_https_www_sse_net_cn_index_singleIndex_indexType_scfi_date_2026_04_17.html,01-raw-data/collection-drafts/manual-weekly,scfi_2026_04_17_https_www_sse_net_cn_index_singleIndex_indexType_scfi_date_2026_04_17.html,.html,33.7,draft_evidence,保留但可移入archive：证据/草稿，支持溯源
01-raw-data/collection-drafts/manual-weekly/scfi_2026_04_17_https_www_sse_net_cn_index_singleIndex_indexType_scfi_publishDate_2026_04_17.html,01-raw-data/collection-drafts/manual-weekly,scfi_2026_04_17_https_www_sse_net_cn_index_singleIndex_indexType_scfi_publishDate_2026_04_17.html,.html,34.2,draft_evidence,保留但可移入archive：证据/草稿，支持溯源
01-raw-data/collection-drafts/manual-weekly/scfi_2026_04_17_post_form.html,01-raw-data/collection-drafts/manual-weekly,scfi_2026_04_17_post_form.html,.html,33.7,draft_evidence,保留但可移入archive：证据/草稿，支持溯源
01-raw-data/collection-drafts/manual-weekly/scfi_2026_04_24_get_form.html,01-raw-data/collection-drafts/manual-weekly,scfi_2026_04_24_get_form.html,.html,33.7,draft_evidence,保留但可移入archive：证据/草稿，支持溯源
01-raw-data/collection-drafts/manual-weekly/scfi_2026_04_24_https_www_sse_net_cn_index_scfilist_date_2026_04_24.html,01-raw-data/collection-drafts/manual-weekly,scfi_2026_04_24_https_www_sse_net_cn_index_scfilist_date_2026_04_24.html,.html,42.2,draft_evidence,保留但可移入archive：证据/草稿，支持溯源
01-raw-data/collection-drafts/manual-weekly/scfi_2026_04_24_https_www_sse_net_cn_index_singleIndex_indexType_scfi_date_2026_04_24.html,01-raw-data/collection-drafts/manual-weekly,scfi_2026_04_24_https_www_sse_net_cn_index_singleIndex_indexType_scfi_date_2026_04_24.html,.html,33.7,draft_evidence,保留但可移入archive：证据/草稿，支持溯源
01-raw-data/collection-drafts/manual-weekly/scfi_2026_04_24_https_www_sse_net_cn_index_singleIndex_indexType_scfi_publishDate_2026_04_24.html,01-raw-data/collection-drafts/manual-weekly,scfi_2026_04_24_https_www_sse_net_cn_index_singleIndex_indexType_scfi_publishDate_2026_04_24.html,.html,34.2,draft_evidence,保留但可移入archive：证据/草稿，支持溯源
01-raw-data/collection-drafts/manual-weekly/scfi_2026_04_24_post_form.html,01-raw-data/collection-drafts/manual-weekly,scfi_2026_04_24_post_form.html,.html,33.7,draft_evidence,保留但可移入archive：证据/草稿，支持溯源
01-raw-data/collection-drafts/manual-weekly/scfi_2026_05_01_get_form.html,01-raw-data/collection-drafts/manual-weekly,scfi_2026_05_01_get_form.html,.html,33.7,draft_evidence,保留但可移入archive：证据/草稿，支持溯源
01-raw-data/collection-drafts/manual-weekly/scfi_2026_05_01_https_www_sse_net_cn_index_scfilist_date_2026_05_01.html,01-raw-data/collection-drafts/manual-weekly,scfi_2026_05_01_https_www_sse_net_cn_index_scfilist_date_2026_05_01.html,.html,42.2,draft_evidence,保留但可移入archive：证据/草稿，支持溯源
01-raw-data/collection-drafts/manual-weekly/scfi_2026_05_01_https_www_sse_net_cn_index_singleIndex_indexType_scfi_date_2026_05_01.html,01-raw-data/collection-drafts/manual-weekly,scfi_2026_05_01_https_www_sse_net_cn_index_singleIndex_indexType_scfi_date_2026_05_01.html,.html,33.7,draft_evidence,保留但可移入archive：证据/草稿，支持溯源
01-raw-data/collection-drafts/manual-weekly/scfi_2026_05_01_https_www_sse_net_cn_index_singleIndex_indexType_scfi_publishDate_2026_05_01.html,01-raw-data/collection-drafts/manual-weekly,scfi_2026_05_01_https_www_sse_net_cn_index_singleIndex_indexType_scfi_publishDate_2026_05_01.html,.html,34.2,draft_evidence,保留但可移入archive：证据/草稿，支持溯源
01-raw-data/collection-drafts/manual-weekly/scfi_2026_05_01_post_form.html,01-raw-data/collection-drafts/manual-weekly,scfi_2026_05_01_post_form.html,.html,33.7,draft_evidence,保留但可移入archive：证据/草稿，支持溯源
01-raw-data/collection-drafts/manual-weekly/scfi_2026_05_08_get_form.html,01-raw-data/collection-drafts/manual-weekly,scfi_2026_05_08_get_form.html,.html,33.7,draft_evidence,保留但可移入archive：证据/草稿，支持溯源
01-raw-data/collection-drafts/manual-weekly/scfi_2026_05_08_https_www_sse_net_cn_index_scfilist_date_2026_05_08.html,01-raw-data/collection-drafts/manual-weekly,scfi_2026_05_08_https_www_sse_net_cn_index_scfilist_date_2026_05_08.html,.html,42.2,draft_evidence,保留但可移入archive：证据/草稿，支持溯源
01-raw-data/collection-drafts/manual-weekly/scfi_2026_05_08_https_www_sse_net_cn_index_singleIndex_indexType_scfi_date_2026_05_08.html,01-raw-data/collection-drafts/manual-weekly,scfi_2026_05_08_https_www_sse_net_cn_index_singleIndex_indexType_scfi_date_2026_05_08.html,.html,33.7,draft_evidence,保留但可移入archive：证据/草稿，支持溯源
01-raw-data/collection-drafts/manual-weekly/scfi_2026_05_08_https_www_sse_net_cn_index_singleIndex_indexType_scfi_publishDate_2026_05_08.html,01-raw-data/collection-drafts/manual-weekly,scfi_2026_05_08_https_www_sse_net_cn_index_singleIndex_indexType_scfi_publishDate_2026_05_08.html,.html,34.2,draft_evidence,保留但可移入archive：证据/草稿，支持溯源
01-raw-data/collection-drafts/manual-weekly/scfi_2026_05_08_post_form.html,01-raw-data/collection-drafts/manual-weekly,scfi_2026_05_08_post_form.html,.html,33.7,draft_evidence,保留但可移入archive：证据/草稿，支持溯源
01-raw-data/collection-drafts/manual-weekly/scfi_2026_05_15_get_form.html,01-raw-data/collection-drafts/manual-weekly,scfi_2026_05_15_get_form.html,.html,33.7,draft_evidence,保留但可移入archive：证据/草稿，支持溯源
01-raw-data/collection-drafts/manual-weekly/scfi_2026_05_15_https_www_sse_net_cn_index_scfilist_date_2026_05_15.html,01-raw-data/collection-drafts/manual-weekly,scfi_2026_05_15_https_www_sse_net_cn_index_scfilist_date_2026_05_15.html,.html,42.2,draft_evidence,保留但可移入archive：证据/草稿，支持溯源
01-raw-data/collection-drafts/manual-weekly/scfi_2026_05_15_https_www_sse_net_cn_index_singleIndex_indexType_scfi_date_2026_05_15.html,01-raw-data/collection-drafts/manual-weekly,scfi_2026_05_15_https_www_sse_net_cn_index_singleIndex_indexType_scfi_date_2026_05_15.html,.html,33.7,draft_evidence,保留但可移入archive：证据/草稿，支持溯源
01-raw-data/collection-drafts/manual-weekly/scfi_2026_05_15_https_www_sse_net_cn_index_singleIndex_indexType_scfi_publishDate_2026_05_15.html,01-raw-data/collection-drafts/manual-weekly,scfi_2026_05_15_https_www_sse_net_cn_index_singleIndex_indexType_scfi_publishDate_2026_05_15.html,.html,34.2,draft_evidence,保留但可移入archive：证据/草稿，支持溯源
01-raw-data/collection-drafts/manual-weekly/scfi_2026_05_15_post_form.html,01-raw-data/collection-drafts/manual-weekly,scfi_2026_05_15_post_form.html,.html,33.7,draft_evidence,保留但可移入archive：证据/草稿，支持溯源
01-raw-data/collection-drafts/manual-weekly/scfi_2026_05_22_get_form.html,01-raw-data/collection-drafts/manual-weekly,scfi_2026_05_22_get_form.html,.html,33.7,draft_evidence,保留但可移入archive：证据/草稿，支持溯源
01-raw-data/collection-drafts/manual-weekly/scfi_2026_05_22_https_www_sse_net_cn_index_scfilist_date_2026_05_22.html,01-raw-data/collection-drafts/manual-weekly,scfi_2026_05_22_https_www_sse_net_cn_index_scfilist_date_2026_05_22.html,.html,42.2,draft_evidence,保留但可移入archive：证据/草稿，支持溯源
01-raw-data/collection-drafts/manual-weekly/scfi_2026_05_22_https_www_sse_net_cn_index_singleIndex_indexType_scfi_date_2026_05_22.html,01-raw-data/collection-drafts/manual-weekly,scfi_2026_05_22_https_www_sse_net_cn_index_singleIndex_indexType_scfi_date_2026_05_22.html,.html,33.7,draft_evidence,保留但可移入archive：证据/草稿，支持溯源
01-raw-data/collection-drafts/manual-weekly/scfi_2026_05_22_https_www_sse_net_cn_index_singleIndex_indexType_scfi_publishDate_2026_05_22.html,01-raw-data/collection-drafts/manual-weekly,scfi_2026_05_22_https_www_sse_net_cn_index_singleIndex_indexType_scfi_publishDate_2026_05_22.html,.html,34.2,draft_evidence,保留但可移入archive：证据/草稿，支持溯源
01-raw-data/collection-drafts/manual-weekly/scfi_2026_05_22_post_form.html,01-raw-data/collection-drafts/manual-weekly,scfi_2026_05_22_post_form.html,.html,33.7,draft_evidence,保留但可移入archive：证据/草稿，支持溯源
01-raw-data/collection-drafts/manual-weekly/scfis_2026_04_03_get_form.html,01-raw-data/collection-drafts/manual-weekly,scfis_2026_04_03_get_form.html,.html,27.6,draft_evidence,保留但可移入archive：证据/草稿，支持溯源
01-raw-data/collection-drafts/manual-weekly/scfis_2026_04_03_https_www_sse_net_cn_index_scfislist_date_2026_04_03.html,01-raw-data/collection-drafts/manual-weekly,scfis_2026_04_03_https_www_sse_net_cn_index_scfislist_date_2026_04_03.html,.html,33.1,draft_evidence,保留但可移入archive：证据/草稿，支持溯源
01-raw-data/collection-drafts/manual-weekly/scfis_2026_04_03_https_www_sse_net_cn_index_singleIndex_indexType_scfis_date_2026_04_03.html,01-raw-data/collection-drafts/manual-weekly,scfis_2026_04_03_https_www_sse_net_cn_index_singleIndex_indexType_scfis_date_2026_04_03.html,.html,27.6,draft_evidence,保留但可移入archive：证据/草稿，支持溯源
01-raw-data/collection-drafts/manual-weekly/scfis_2026_04_03_https_www_sse_net_cn_index_singleIndex_indexType_scfis_publishDate_2026_04_03.html,01-raw-data/collection-drafts/manual-weekly,scfis_2026_04_03_https_www_sse_net_cn_index_singleIndex_indexType_scfis_publishDate_2026_04_03.html,.html,27.4,draft_evidence,保留但可移入archive：证据/草稿，支持溯源
01-raw-data/collection-drafts/manual-weekly/scfis_2026_04_03_post_form.html,01-raw-data/collection-drafts/manual-weekly,scfis_2026_04_03_post_form.html,.html,27.6,draft_evidence,保留但可移入archive：证据/草稿，支持溯源
01-raw-data/collection-drafts/manual-weekly/scfis_2026_04_10_get_form.html,01-raw-data/collection-drafts/manual-weekly,scfis_2026_04_10_get_form.html,.html,27.6,draft_evidence,保留但可移入archive：证据/草稿，支持溯源
01-raw-data/collection-drafts/manual-weekly/scfis_2026_04_10_https_www_sse_net_cn_index_scfislist_date_2026_04_10.html,01-raw-data/collection-drafts/manual-weekly,scfis_2026_04_10_https_www_sse_net_cn_index_scfislist_date_2026_04_10.html,.html,33.1,draft_evidence,保留但可移入archive：证据/草稿，支持溯源
01-raw-data/collection-drafts/manual-weekly/scfis_2026_04_10_https_www_sse_net_cn_index_singleIndex_indexType_scfis_date_2026_04_10.html,01-raw-data/collection-drafts/manual-weekly,scfis_2026_04_10_https_www_sse_net_cn_index_singleIndex_indexType_scfis_date_2026_04_10.html,.html,27.6,draft_evidence,保留但可移入archive：证据/草稿，支持溯源
01-raw-data/collection-drafts/manual-weekly/scfis_2026_04_10_https_www_sse_net_cn_index_singleIndex_indexType_scfis_publishDate_2026_04_10.html,01-raw-data/collection-drafts/manual-weekly,scfis_2026_04_10_https_www_sse_net_cn_index_singleIndex_indexType_scfis_publishDate_2026_04_10.html,.html,27.4,draft_evidence,保留但可移入archive：证据/草稿，支持溯源
01-raw-data/collection-drafts/manual-weekly/scfis_2026_04_10_post_form.html,01-raw-data/collection-drafts/manual-weekly,scfis_2026_04_10_post_form.html,.html,27.6,draft_evidence,保留但可移入archive：证据/草稿，支持溯源
01-raw-data/collection-drafts/manual-weekly/scfis_2026_04_17_get_form.html,01-raw-data/collection-drafts/manual-weekly,scfis_2026_04_17_get_form.html,.html,27.6,draft_evidence,保留但可移入archive：证据/草稿，支持溯源
01-raw-data/collection-drafts/manual-weekly/scfis_2026_04_17_https_www_sse_net_cn_index_scfislist_date_2026_04_17.html,01-raw-data/collection-drafts/manual-weekly,scfis_2026_04_17_https_www_sse_net_cn_index_scfislist_date_2026_04_17.html,.html,33.1,draft_evidence,保留但可移入archive：证据/草稿，支持溯源
01-raw-data/collection-drafts/manual-weekly/scfis_2026_04_17_https_www_sse_net_cn_index_singleIndex_indexType_scfis_date_2026_04_17.html,01-raw-data/collection-drafts/manual-weekly,scfis_2026_04_17_https_www_sse_net_cn_index_singleIndex_indexType_scfis_date_2026_04_17.html,.html,27.6,draft_evidence,保留但可移入archive：证据/草稿，支持溯源
01-raw-data/collection-drafts/manual-weekly/scfis_2026_04_17_https_www_sse_net_cn_index_singleIndex_indexType_scfis_publishDate_2026_04_17.html,01-raw-data/collection-drafts/manual-weekly,scfis_2026_04_17_https_www_sse_net_cn_index_singleIndex_indexType_scfis_publishDate_2026_04_17.html,.html,27.4,draft_evidence,保留但可移入archive：证据/草稿，支持溯源
01-raw-data/collection-drafts/manual-weekly/scfis_2026_04_17_post_form.html,01-raw-data/collection-drafts/manual-weekly,scfis_2026_04_17_post_form.html,.html,27.6,draft_evidence,保留但可移入archive：证据/草稿，支持溯源
01-raw-data/collection-drafts/manual-weekly/scfis_2026_04_24_get_form.html,01-raw-data/collection-drafts/manual-weekly,scfis_2026_04_24_get_form.html,.html,27.6,draft_evidence,保留但可移入archive：证据/草稿，支持溯源
01-raw-data/collection-drafts/manual-weekly/scfis_2026_04_24_https_www_sse_net_cn_index_scfislist_date_2026_04_24.html,01-raw-data/collection-drafts/manual-weekly,scfis_2026_04_24_https_www_sse_net_cn_index_scfislist_date_2026_04_24.html,.html,33.1,draft_evidence,保留但可移入archive：证据/草稿，支持溯源
01-raw-data/collection-drafts/manual-weekly/scfis_2026_04_24_https_www_sse_net_cn_index_singleIndex_indexType_scfis_date_2026_04_24.html,01-raw-data/collection-drafts/manual-weekly,scfis_2026_04_24_https_www_sse_net_cn_index_singleIndex_indexType_scfis_date_2026_04_24.html,.html,27.6,draft_evidence,保留但可移入archive：证据/草稿，支持溯源
01-raw-data/collection-drafts/manual-weekly/scfis_2026_04_24_https_www_sse_net_cn_index_singleIndex_indexType_scfis_publishDate_2026_04_24.html,01-raw-data/collection-drafts/manual-weekly,scfis_2026_04_24_https_www_sse_net_cn_index_singleIndex_indexType_scfis_publishDate_2026_04_24.html,.html,27.4,draft_evidence,保留但可移入archive：证据/草稿，支持溯源
01-raw-data/collection-drafts/manual-weekly/scfis_2026_04_24_post_form.html,01-raw-data/collection-drafts/manual-weekly,scfis_2026_04_24_post_form.html,.html,27.6,draft_evidence,保留但可移入archive：证据/草稿，支持溯源
01-raw-data/collection-drafts/manual-weekly/scfis_2026_05_01_get_form.html,01-raw-data/collection-drafts/manual-weekly,scfis_2026_05_01_get_form.html,.html,27.6,draft_evidence,保留但可移入archive：证据/草稿，支持溯源
01-raw-data/collection-drafts/manual-weekly/scfis_2026_05_01_https_www_sse_net_cn_index_scfislist_date_2026_05_01.html,01-raw-data/collection-drafts/manual-weekly,scfis_2026_05_01_https_www_sse_net_cn_index_scfislist_date_2026_05_01.html,.html,33.1,draft_evidence,保留但可移入archive：证据/草稿，支持溯源
01-raw-data/collection-drafts/manual-weekly/scfis_2026_05_01_https_www_sse_net_cn_index_singleIndex_indexType_scfis_date_2026_05_01.html,01-raw-data/collection-drafts/manual-weekly,scfis_2026_05_01_https_www_sse_net_cn_index_singleIndex_indexType_scfis_date_2026_05_01.html,.html,27.6,draft_evidence,保留但可移入archive：证据/草稿，支持溯源
01-raw-data/collection-drafts/manual-weekly/scfis_2026_05_01_https_www_sse_net_cn_index_singleIndex_indexType_scfis_publishDate_2026_05_01.html,01-raw-data/collection-drafts/manual-weekly,scfis_2026_05_01_https_www_sse_net_cn_index_singleIndex_indexType_scfis_publishDate_2026_05_01.html,.html,27.4,draft_evidence,保留但可移入archive：证据/草稿，支持溯源
01-raw-data/collection-drafts/manual-weekly/scfis_2026_05_01_post_form.html,01-raw-data/collection-drafts/manual-weekly,scfis_2026_05_01_post_form.html,.html,27.6,draft_evidence,保留但可移入archive：证据/草稿，支持溯源
01-raw-data/collection-drafts/manual-weekly/scfis_2026_05_08_get_form.html,01-raw-data/collection-drafts/manual-weekly,scfis_2026_05_08_get_form.html,.html,27.6,draft_evidence,保留但可移入archive：证据/草稿，支持溯源
01-raw-data/collection-drafts/manual-weekly/scfis_2026_05_08_https_www_sse_net_cn_index_scfislist_date_2026_05_08.html,01-raw-data/collection-drafts/manual-weekly,scfis_2026_05_08_https_www_sse_net_cn_index_scfislist_date_2026_05_08.html,.html,33.1,draft_evidence,保留但可移入archive：证据/草稿，支持溯源
01-raw-data/collection-drafts/manual-weekly/scfis_2026_05_08_https_www_sse_net_cn_index_singleIndex_indexType_scfis_date_2026_05_08.html,01-raw-data/collection-drafts/manual-weekly,scfis_2026_05_08_https_www_sse_net_cn_index_singleIndex_indexType_scfis_date_2026_05_08.html,.html,27.6,draft_evidence,保留但可移入archive：证据/草稿，支持溯源
01-raw-data/collection-drafts/manual-weekly/scfis_2026_05_08_https_www_sse_net_cn_index_singleIndex_indexType_scfis_publishDate_2026_05_08.html,01-raw-data/collection-drafts/manual-weekly,scfis_2026_05_08_https_www_sse_net_cn_index_singleIndex_indexType_scfis_publishDate_2026_05_08.html,.html,27.4,draft_evidence,保留但可移入archive：证据/草稿，支持溯源
01-raw-data/collection-drafts/manual-weekly/scfis_2026_05_08_post_form.html,01-raw-data/collection-drafts/manual-weekly,scfis_2026_05_08_post_form.html,.html,27.6,draft_evidence,保留但可移入archive：证据/草稿，支持溯源
01-raw-data/collection-drafts/manual-weekly/scfis_2026_05_15_get_form.html,01-raw-data/collection-drafts/manual-weekly,scfis_2026_05_15_get_form.html,.html,27.6,draft_evidence,保留但可移入archive：证据/草稿，支持溯源
01-raw-data/collection-drafts/manual-weekly/scfis_2026_05_15_https_www_sse_net_cn_index_scfislist_date_2026_05_15.html,01-raw-data/collection-drafts/manual-weekly,scfis_2026_05_15_https_www_sse_net_cn_index_scfislist_date_2026_05_15.html,.html,33.1,draft_evidence,保留但可移入archive：证据/草稿，支持溯源
01-raw-data/collection-drafts/manual-weekly/scfis_2026_05_15_https_www_sse_net_cn_index_singleIndex_indexType_scfis_date_2026_05_15.html,01-raw-data/collection-drafts/manual-weekly,scfis_2026_05_15_https_www_sse_net_cn_index_singleIndex_indexType_scfis_date_2026_05_15.html,.html,27.6,draft_evidence,保留但可移入archive：证据/草稿，支持溯源
01-raw-data/collection-drafts/manual-weekly/scfis_2026_05_15_https_www_sse_net_cn_index_singleIndex_indexType_scfis_publishDate_2026_05_15.html,01-raw-data/collection-drafts/manual-weekly,scfis_2026_05_15_https_www_sse_net_cn_index_singleIndex_indexType_scfis_publishDate_2026_05_15.html,.html,27.4,draft_evidence,保留但可移入archive：证据/草稿，支持溯源
01-raw-data/collection-drafts/manual-weekly/scfis_2026_05_15_post_form.html,01-raw-data/collection-drafts/manual-weekly,scfis_2026_05_15_post_form.html,.html,27.6,draft_evidence,保留但可移入archive：证据/草稿，支持溯源
01-raw-data/collection-drafts/manual-weekly/scfis_2026_05_22_get_form.html,01-raw-data/collection-drafts/manual-weekly,scfis_2026_05_22_get_form.html,.html,27.6,draft_evidence,保留但可移入archive：证据/草稿，支持溯源
01-raw-data/collection-drafts/manual-weekly/scfis_2026_05_22_https_www_sse_net_cn_index_scfislist_date_2026_05_22.html,01-raw-data/collection-drafts/manual-weekly,scfis_2026_05_22_https_www_sse_net_cn_index_scfislist_date_2026_05_22.html,.html,33.1,draft_evidence,保留但可移入archive：证据/草稿，支持溯源
01-raw-data/collection-drafts/manual-weekly/scfis_2026_05_22_https_www_sse_net_cn_index_singleIndex_indexType_scfis_date_2026_05_22.html,01-raw-data/collection-drafts/manual-weekly,scfis_2026_05_22_https_www_sse_net_cn_index_singleIndex_indexType_scfis_date_2026_05_22.html,.html,27.6,draft_evidence,保留但可移入archive：证据/草稿，支持溯源
01-raw-data/collection-drafts/manual-weekly/scfis_2026_05_22_https_www_sse_net_cn_index_singleIndex_indexType_scfis_publishDate_2026_05_22.html,01-raw-data/collection-drafts/manual-weekly,scfis_2026_05_22_https_www_sse_net_cn_index_singleIndex_indexType_scfis_publishDate_2026_05_22.html,.html,27.4,draft_evidence,保留但可移入archive：证据/草稿，支持溯源
01-raw-data/collection-drafts/manual-weekly/scfis_2026_05_22_post_form.html,01-raw-data/collection-drafts/manual-weekly,scfis_2026_05_22_post_form.html,.html,27.6,draft_evidence,保留但可移入archive：证据/草稿，支持溯源
01-raw-data/collection-drafts/manual-weekly/search-engine-probe.csv,01-raw-data/collection-drafts/manual-weekly,search-engine-probe.csv,.csv,0.5,draft_evidence,保留但可移入archive：证据/草稿，支持溯源
01-raw-data/collection-drafts/manual-weekly/sina-2026-05-26-scfi-evidence.csv,01-raw-data/collection-drafts/manual-weekly,sina-2026-05-26-scfi-evidence.csv,.csv,13.4,draft_evidence,保留但可移入archive：证据/草稿，支持溯源
01-raw-data/collection-drafts/manual-weekly/sina-2026-05-26-scfi.html,01-raw-data/collection-drafts/manual-weekly,sina-2026-05-26-scfi.html,.html,107.2,draft_evidence,保留但可移入archive：证据/草稿，支持溯源
01-raw-data/collection-drafts/manual-weekly/sina-2026-05-26-scfi.txt,01-raw-data/collection-drafts/manual-weekly,sina-2026-05-26-scfi.txt,.txt,9.5,draft_evidence,保留但可移入archive：证据/草稿，支持溯源
01-raw-data/collection-drafts/manual-weekly/sina-evidence-snippets.csv,01-raw-data/collection-drafts/manual-weekly,sina-evidence-snippets.csv,.csv,2.1,draft_evidence,保留但可移入archive：证据/草稿，支持溯源
01-raw-data/collection-drafts/manual-weekly/single-week-collection-progress.md,01-raw-data/collection-drafts/manual-weekly,single-week-collection-progress.md,.md,1.2,draft_evidence,保留但可移入archive：证据/草稿，支持溯源
01-raw-data/collection-drafts/manual-weekly/sse-form-query-test-recent8.csv,01-raw-data/collection-drafts/manual-weekly,sse-form-query-test-recent8.csv,.csv,29.2,draft_evidence,保留但可移入archive：证据/草稿，支持溯源
01-raw-data/collection-drafts/manual-weekly/sse-html-structure-analysis.csv,01-raw-data/collection-drafts/manual-weekly,sse-html-structure-analysis.csv,.csv,3.2,draft_evidence,保留但可移入archive：证据/草稿，支持溯源
01-raw-data/collection-drafts/manual-weekly/sse-query-function-snippets.csv,01-raw-data/collection-drafts/manual-weekly,sse-query-function-snippets.csv,.csv,25.6,draft_evidence,保留但可移入archive：证据/草稿，支持溯源
01-raw-data/collection-drafts/manual-weekly/sse-read-html-tables-sample.csv,01-raw-data/collection-drafts/manual-weekly,sse-read-html-tables-sample.csv,.csv,13.0,draft_evidence,保留但可移入archive：证据/草稿，支持溯源
01-raw-data/collection-drafts/manual-weekly/sse-single-week-probe-recent8.csv,01-raw-data/collection-drafts/manual-weekly,sse-single-week-probe-recent8.csv,.csv,105.9,draft_evidence,保留但可移入archive：证据/草稿，支持溯源
01-raw-data/collection-drafts/manual-weekly/verified-weekly-index-records.csv,01-raw-data/collection-drafts/manual-weekly,verified-weekly-index-records.csv,.csv,1.7,draft_evidence,保留但可移入archive：证据/草稿，支持溯源
01-raw-data/collection-drafts/manual-weekly/weekly-single-query-plan.csv,01-raw-data/collection-drafts/manual-weekly,weekly-single-query-plan.csv,.csv,1.4,draft_evidence,保留但可移入archive：证据/草稿，支持溯源
01-raw-data/data-ingestion-checklist.md,01-raw-data,data-ingestion-checklist.md,.md,2.4,final_or_current_raw,保留：当前原始数据/业务输入
01-raw-data/mvp-raw-files-status.md,01-raw-data,mvp-raw-files-status.md,.md,0.9,final_or_current_raw,保留：当前原始数据/业务输入
01-raw-data/carrier-announcements/原始_船公司公告_BAF_ONE.pdf,01-raw-data/carrier-announcements,原始_船公司公告_BAF_ONE.pdf,.pdf,2.4,final_or_current_raw,保留：当前原始数据/业务输入
01-raw-data/carrier-announcements/原始_船公司公告_BAF_行业转载.txt,01-raw-data/carrier-announcements,原始_船公司公告_BAF_行业转载.txt,.txt,0.7,final_or_current_raw,保留：当前原始数据/业务输入
01-raw-data/carrier-announcements/原始_船公司公告_GRI_马士基.pdf,01-raw-data/carrier-announcements,原始_船公司公告_GRI_马士基.pdf,.pdf,2.4,final_or_current_raw,保留：当前原始数据/业务输入
01-raw-data/carrier-announcements/原始_船公司公告_GRI_马士基候选.txt,01-raw-data/carrier-announcements,原始_船公司公告_GRI_马士基候选.txt,.txt,0.6,final_or_current_raw,保留：当前原始数据/业务输入
01-raw-data/carrier-announcements/原始_船公司公告_PSS_中远.pdf,01-raw-data/carrier-announcements,原始_船公司公告_PSS_中远.pdf,.pdf,2.5,final_or_current_raw,保留：当前原始数据/业务输入
01-raw-data/carrier-announcements/原始_船公司公告_PSS_马士基.txt,01-raw-data/carrier-announcements,原始_船公司公告_PSS_马士基.txt,.txt,1.0,final_or_current_raw,保留：当前原始数据/业务输入
01-raw-data/carrier-announcements/原始_船公司公告_停航_MSC.pdf,01-raw-data/carrier-announcements,原始_船公司公告_停航_MSC.pdf,.pdf,2.4,final_or_current_raw,保留：当前原始数据/业务输入
01-raw-data/carrier-announcements/原始_船公司公告_停航_综合转载.txt,01-raw-data/carrier-announcements,原始_船公司公告_停航_综合转载.txt,.txt,1.0,final_or_current_raw,保留：当前原始数据/业务输入
01-raw-data/carrier-announcements/原始_船公司公告_结构化样本.csv,01-raw-data/carrier-announcements,原始_船公司公告_结构化样本.csv,.csv,1.4,final_or_current_raw,保留：当前原始数据/业务输入
01-raw-data/carrier-announcements/原始_船公司公告_跳港港口拥堵_MSC转载.txt,01-raw-data/carrier-announcements,原始_船公司公告_跳港港口拥堵_MSC转载.txt,.txt,0.8,final_or_current_raw,保留：当前原始数据/业务输入
01-raw-data/carrier-announcements/drafts/maersk-cosco-findings.md,01-raw-data/carrier-announcements/drafts,maersk-cosco-findings.md,.md,12.4,final_or_current_raw,保留：当前原始数据/业务输入
01-raw-data/carrier-announcements/drafts/one-msc-surcharge-findings.md,01-raw-data/carrier-announcements/drafts,one-msc-surcharge-findings.md,.md,14.6,final_or_current_raw,保留：当前原始数据/业务输入
01-raw-data/exchange-rate/README_当前汇率文件说明.md,01-raw-data/exchange-rate,README_当前汇率文件说明.md,.md,0.6,final_or_current_raw,保留：当前原始数据/业务输入
01-raw-data/exchange-rate/原始_汇率.csv,01-raw-data/exchange-rate,原始_汇率.csv,.csv,4.7,final_or_current_raw,保留：当前原始数据/业务输入
01-raw-data/exchange-rate/原始_汇率_template.csv,01-raw-data/exchange-rate,原始_汇率_template.csv,.csv,0.2,final_or_current_raw,保留：当前原始数据/业务输入
01-raw-data/exchange-rate/原始_汇率_公开核验补充.csv,01-raw-data/exchange-rate,原始_汇率_公开核验补充.csv,.csv,0.3,final_or_current_raw,保留：当前原始数据/业务输入
01-raw-data/exchange-rate/drafts/usdcny-findings.md,01-raw-data/exchange-rate/drafts,usdcny-findings.md,.md,7.0,final_or_current_raw,保留：当前原始数据/业务输入
01-raw-data/exchange-rate/drafts/usdcny-full-findings.md,01-raw-data/exchange-rate/drafts,usdcny-full-findings.md,.md,7.4,final_or_current_raw,保留：当前原始数据/业务输入
01-raw-data/freight-index/原始_CCFI运价指数.csv,01-raw-data/freight-index,原始_CCFI运价指数.csv,.csv,3.8,final_or_current_raw,保留：当前原始数据/业务输入
01-raw-data/freight-index/原始_SCFIS结算指数.csv,01-raw-data/freight-index,原始_SCFIS结算指数.csv,.csv,2.9,final_or_current_raw,保留：当前原始数据/业务输入
01-raw-data/freight-index/原始_SCFI单期综合指数.csv,01-raw-data/freight-index,原始_SCFI单期综合指数.csv,.csv,5.1,final_or_current_raw,保留：当前原始数据/业务输入
01-raw-data/freight-index/原始_SCFI运价指数.csv,01-raw-data/freight-index,原始_SCFI运价指数.csv,.csv,4.2,final_or_current_raw,保留：当前原始数据/业务输入
01-raw-data/freight-index/原始_运价指数_template.csv,01-raw-data/freight-index,原始_运价指数_template.csv,.csv,0.6,final_or_current_raw,保留：当前原始数据/业务输入
01-raw-data/freight-index/drafts/scfi-findings.md,01-raw-data/freight-index/drafts,scfi-findings.md,.md,10.7,final_or_current_raw,保留：当前原始数据/业务输入
01-raw-data/freight-index/drafts/shipping-index-full-findings.md,01-raw-data/freight-index/drafts,shipping-index-full-findings.md,.md,19.0,final_or_current_raw,保留：当前原始数据/业务输入
01-raw-data/internal-simulated/原始_附加费规则.xlsx,01-raw-data/internal-simulated,原始_附加费规则.xlsx,.xlsx,5.6,final_or_current_raw,保留：当前原始数据/业务输入
01-raw-data/internal-simulated/drafts/tier3-schema.md,01-raw-data/internal-simulated/drafts,tier3-schema.md,.md,15.4,final_or_current_raw,保留：当前原始数据/业务输入
01-raw-data/oil-price/原始_布伦特原油.csv,01-raw-data/oil-price,原始_布伦特原油.csv,.csv,0.7,final_or_current_raw,保留：当前原始数据/业务输入
01-raw-data/oil-price/drafts/brent-findings.md,01-raw-data/oil-price/drafts,brent-findings.md,.md,7.1,final_or_current_raw,保留：当前原始数据/业务输入
01-raw-data/route-dictionary/原始_航线字典.xlsx,01-raw-data/route-dictionary,原始_航线字典.xlsx,.xlsx,5.6,final_or_current_raw,保留：当前原始数据/业务输入
01-raw-data/route-dictionary/原始_航线字典_template.csv,01-raw-data/route-dictionary,原始_航线字典_template.csv,.csv,0.3,final_or_current_raw,保留：当前原始数据/业务输入
01-raw-data/surcharge-rules/原始_附加费规则.xlsx,01-raw-data/surcharge-rules,原始_附加费规则.xlsx,.xlsx,5.6,final_or_current_raw,保留：当前原始数据/业务输入
01-raw-data/surcharge-rules/原始_附加费规则_template.xlsx,01-raw-data/surcharge-rules,原始_附加费规则_template.xlsx,.xlsx,6.7,final_or_current_raw,保留：当前原始数据/业务输入
09-logs/data-source-log.md,09-logs,data-source-log.md,.md,2.2,log,保留：运行日志
09-logs/issue-log.md,09-logs,issue-log.md,.md,0.2,log,保留：运行日志
09-logs/run-log.md,09-logs,run-log.md,.md,5.2,log,保留：运行日志
02-governance/CR-02A_字段字典.xlsx,02-governance,CR-02A_字段字典.xlsx,.xlsx,6.2,processed_or_governance,保留：处理结果/治理文件，后续跑流程可能需要
02-governance/CR-02A_字段字典_template.xlsx,02-governance,CR-02A_字段字典_template.xlsx,.xlsx,8.3,processed_or_governance,保留：处理结果/治理文件，后续跑流程可能需要
02-governance/CR-02B_清洗后主数据.xlsx,02-governance,CR-02B_清洗后主数据.xlsx,.xlsx,13.2,processed_or_governance,保留：处理结果/治理文件，后续跑流程可能需要
02-governance/CR-02B_清洗后主数据_template.xlsx,02-governance,CR-02B_清洗后主数据_template.xlsx,.xlsx,9.7,processed_or_governance,保留：处理结果/治理文件，后续跑流程可能需要
02-governance/CR-02C_数据脱敏与来源说明.docx,02-governance,CR-02C_数据脱敏与来源说明.docx,.docx,36.7,processed_or_governance,保留：处理结果/治理文件，后续跑流程可能需要
02-processed-data/CR-MVP_数据质量检查.csv,02-processed-data,CR-MVP_数据质量检查.csv,.csv,0.4,processed_or_governance,保留：处理结果/治理文件，后续跑流程可能需要
02-processed-data/CR-MVP_清洗后主数据.xlsx,02-processed-data,CR-MVP_清洗后主数据.xlsx,.xlsx,13.2,processed_or_governance,保留：处理结果/治理文件，后续跑流程可能需要
01-raw-data/collection-reports/current-file-status.csv,01-raw-data/collection-reports,current-file-status.csv,.csv,1.1,report_or_diagnostic,可归档：阶段报告或诊断文件，主线不直接依赖
01-raw-data/collection-reports/current-gap-inventory.csv,01-raw-data/collection-reports,current-gap-inventory.csv,.csv,0.8,report_or_diagnostic,可归档：阶段报告或诊断文件，主线不直接依赖
01-raw-data/collection-reports/data-source-website-list.csv,01-raw-data/collection-reports,data-source-website-list.csv,.csv,3.6,report_or_diagnostic,可归档：阶段报告或诊断文件，主线不直接依赖
01-raw-data/collection-reports/data-source-website-list.md,01-raw-data/collection-reports,data-source-website-list.md,.md,13.0,report_or_diagnostic,保留：当前说明/清单
01-raw-data/collection-reports/fred接口采集结果.csv,01-raw-data/collection-reports,fred接口采集结果.csv,.csv,0.4,report_or_diagnostic,可归档：阶段报告或诊断文件，主线不直接依赖
01-raw-data/collection-reports/public-data-write-summary.csv,01-raw-data/collection-reports,public-data-write-summary.csv,.csv,0.5,report_or_diagnostic,可归档：阶段报告或诊断文件，主线不直接依赖
01-raw-data/collection-reports/sse_ccfi_2026-05-08.html,01-raw-data/collection-reports,sse_ccfi_2026-05-08.html,.html,30.1,report_or_diagnostic,可归档：阶段报告或诊断文件，主线不直接依赖
01-raw-data/collection-reports/sse_ccfi_2026-05-09.html,01-raw-data/collection-reports,sse_ccfi_2026-05-09.html,.html,30.1,report_or_diagnostic,可归档：阶段报告或诊断文件，主线不直接依赖
01-raw-data/collection-reports/sse_ccfi_2026-05-15.html,01-raw-data/collection-reports,sse_ccfi_2026-05-15.html,.html,30.1,report_or_diagnostic,可归档：阶段报告或诊断文件，主线不直接依赖
01-raw-data/collection-reports/sse_ccfi_2026-05-16.html,01-raw-data/collection-reports,sse_ccfi_2026-05-16.html,.html,30.1,report_or_diagnostic,可归档：阶段报告或诊断文件，主线不直接依赖
01-raw-data/collection-reports/sse_ccfi_2026-05-22.html,01-raw-data/collection-reports,sse_ccfi_2026-05-22.html,.html,30.1,report_or_diagnostic,可归档：阶段报告或诊断文件，主线不直接依赖
01-raw-data/collection-reports/sse_ccfi_2026-05-23.html,01-raw-data/collection-reports,sse_ccfi_2026-05-23.html,.html,30.1,report_or_diagnostic,可归档：阶段报告或诊断文件，主线不直接依赖
01-raw-data/collection-reports/sse_ccfi_list.html,01-raw-data/collection-reports,sse_ccfi_list.html,.html,39.9,report_or_diagnostic,可归档：阶段报告或诊断文件，主线不直接依赖
01-raw-data/collection-reports/sse_ccfi_mutipleIndex_raw.json,01-raw-data/collection-reports,sse_ccfi_mutipleIndex_raw.json,.json,0.1,report_or_diagnostic,可归档：阶段报告或诊断文件，主线不直接依赖
01-raw-data/collection-reports/sse_ccfi_mutiple_with_csrf.json,01-raw-data/collection-reports,sse_ccfi_mutiple_with_csrf.json,.json,0.1,report_or_diagnostic,可归档：阶段报告或诊断文件，主线不直接依赖
01-raw-data/collection-reports/sse_ccfi_page.html,01-raw-data/collection-reports,sse_ccfi_page.html,.html,30.1,report_or_diagnostic,可归档：阶段报告或诊断文件，主线不直接依赖
01-raw-data/collection-reports/sse_ccfi_script_0.js,01-raw-data/collection-reports,sse_ccfi_script_0.js,.js,1.0,report_or_diagnostic,可归档：阶段报告或诊断文件，主线不直接依赖
01-raw-data/collection-reports/sse_ccfi_script_1.js,01-raw-data/collection-reports,sse_ccfi_script_1.js,.js,137.6,report_or_diagnostic,可归档：阶段报告或诊断文件，主线不直接依赖
01-raw-data/collection-reports/sse_ccfi_script_2.js,01-raw-data/collection-reports,sse_ccfi_script_2.js,.js,8.8,report_or_diagnostic,可归档：阶段报告或诊断文件，主线不直接依赖
01-raw-data/collection-reports/sse_ccfi_script_3.js,01-raw-data/collection-reports,sse_ccfi_script_3.js,.js,0.7,report_or_diagnostic,可归档：阶段报告或诊断文件，主线不直接依赖
01-raw-data/collection-reports/sse_ccfi_table_0.csv,01-raw-data/collection-reports,sse_ccfi_table_0.csv,.csv,0.2,report_or_diagnostic,可归档：阶段报告或诊断文件，主线不直接依赖
01-raw-data/collection-reports/sse_mutipleIndex_csrf重试结果.csv,01-raw-data/collection-reports,sse_mutipleIndex_csrf重试结果.csv,.csv,0.9,report_or_diagnostic,可归档：阶段报告或诊断文件，主线不直接依赖
01-raw-data/collection-reports/sse_mutipleIndex接口采集结果.csv,01-raw-data/collection-reports,sse_mutipleIndex接口采集结果.csv,.csv,0.7,report_or_diagnostic,可归档：阶段报告或诊断文件，主线不直接依赖
01-raw-data/collection-reports/sse_scfi_2026-05-08.html,01-raw-data/collection-reports,sse_scfi_2026-05-08.html,.html,33.7,report_or_diagnostic,可归档：阶段报告或诊断文件，主线不直接依赖
01-raw-data/collection-reports/sse_scfi_2026-05-09.html,01-raw-data/collection-reports,sse_scfi_2026-05-09.html,.html,33.7,report_or_diagnostic,可归档：阶段报告或诊断文件，主线不直接依赖
01-raw-data/collection-reports/sse_scfi_2026-05-15.html,01-raw-data/collection-reports,sse_scfi_2026-05-15.html,.html,33.7,report_or_diagnostic,可归档：阶段报告或诊断文件，主线不直接依赖
01-raw-data/collection-reports/sse_scfi_2026-05-16.html,01-raw-data/collection-reports,sse_scfi_2026-05-16.html,.html,33.7,report_or_diagnostic,可归档：阶段报告或诊断文件，主线不直接依赖
01-raw-data/collection-reports/sse_scfi_2026-05-22.html,01-raw-data/collection-reports,sse_scfi_2026-05-22.html,.html,33.7,report_or_diagnostic,可归档：阶段报告或诊断文件，主线不直接依赖
01-raw-data/collection-reports/sse_scfi_2026-05-23.html,01-raw-data/collection-reports,sse_scfi_2026-05-23.html,.html,33.7,report_or_diagnostic,可归档：阶段报告或诊断文件，主线不直接依赖
01-raw-data/collection-reports/sse_scfi_list.html,01-raw-data/collection-reports,sse_scfi_list.html,.html,42.2,report_or_diagnostic,可归档：阶段报告或诊断文件，主线不直接依赖
01-raw-data/collection-reports/sse_scfi_mutipleIndex_raw.json,01-raw-data/collection-reports,sse_scfi_mutipleIndex_raw.json,.json,0.1,report_or_diagnostic,可归档：阶段报告或诊断文件，主线不直接依赖
01-raw-data/collection-reports/sse_scfi_mutiple_with_csrf.json,01-raw-data/collection-reports,sse_scfi_mutiple_with_csrf.json,.json,0.1,report_or_diagnostic,可归档：阶段报告或诊断文件，主线不直接依赖
01-raw-data/collection-reports/sse_scfi_page.html,01-raw-data/collection-reports,sse_scfi_page.html,.html,34.2,report_or_diagnostic,可归档：阶段报告或诊断文件，主线不直接依赖
01-raw-data/collection-reports/sse_scfi_script_0.js,01-raw-data/collection-reports,sse_scfi_script_0.js,.js,1.0,report_or_diagnostic,可归档：阶段报告或诊断文件，主线不直接依赖
01-raw-data/collection-reports/sse_scfi_script_1.js,01-raw-data/collection-reports,sse_scfi_script_1.js,.js,137.6,report_or_diagnostic,可归档：阶段报告或诊断文件，主线不直接依赖
01-raw-data/collection-reports/sse_scfi_script_2.js,01-raw-data/collection-reports,sse_scfi_script_2.js,.js,8.8,report_or_diagnostic,可归档：阶段报告或诊断文件，主线不直接依赖
01-raw-data/collection-reports/sse_scfi_script_3.js,01-raw-data/collection-reports,sse_scfi_script_3.js,.js,0.7,report_or_diagnostic,可归档：阶段报告或诊断文件，主线不直接依赖
01-raw-data/collection-reports/sse_scfi_table_0.csv,01-raw-data/collection-reports,sse_scfi_table_0.csv,.csv,0.1,report_or_diagnostic,可归档：阶段报告或诊断文件，主线不直接依赖
01-raw-data/collection-reports/sse_scfi_table_1.csv,01-raw-data/collection-reports,sse_scfi_table_1.csv,.csv,0.2,report_or_diagnostic,可归档：阶段报告或诊断文件，主线不直接依赖
01-raw-data/collection-reports/sse_scfis_2026-05-08.html,01-raw-data/collection-reports,sse_scfis_2026-05-08.html,.html,27.6,report_or_diagnostic,可归档：阶段报告或诊断文件，主线不直接依赖
01-raw-data/collection-reports/sse_scfis_2026-05-09.html,01-raw-data/collection-reports,sse_scfis_2026-05-09.html,.html,27.6,report_or_diagnostic,可归档：阶段报告或诊断文件，主线不直接依赖
01-raw-data/collection-reports/sse_scfis_2026-05-15.html,01-raw-data/collection-reports,sse_scfis_2026-05-15.html,.html,27.6,report_or_diagnostic,可归档：阶段报告或诊断文件，主线不直接依赖
01-raw-data/collection-reports/sse_scfis_2026-05-16.html,01-raw-data/collection-reports,sse_scfis_2026-05-16.html,.html,27.6,report_or_diagnostic,可归档：阶段报告或诊断文件，主线不直接依赖
01-raw-data/collection-reports/sse_scfis_2026-05-22.html,01-raw-data/collection-reports,sse_scfis_2026-05-22.html,.html,27.6,report_or_diagnostic,可归档：阶段报告或诊断文件，主线不直接依赖
01-raw-data/collection-reports/sse_scfis_2026-05-23.html,01-raw-data/collection-reports,sse_scfis_2026-05-23.html,.html,27.6,report_or_diagnostic,可归档：阶段报告或诊断文件，主线不直接依赖
01-raw-data/collection-reports/sse_scfis_list.html,01-raw-data/collection-reports,sse_scfis_list.html,.html,33.1,report_or_diagnostic,可归档：阶段报告或诊断文件，主线不直接依赖
01-raw-data/collection-reports/sse_scfis_mutipleIndex_raw.json,01-raw-data/collection-reports,sse_scfis_mutipleIndex_raw.json,.json,0.1,report_or_diagnostic,可归档：阶段报告或诊断文件，主线不直接依赖
01-raw-data/collection-reports/sse_scfis_mutiple_with_csrf.json,01-raw-data/collection-reports,sse_scfis_mutiple_with_csrf.json,.json,0.1,report_or_diagnostic,可归档：阶段报告或诊断文件，主线不直接依赖
01-raw-data/collection-reports/sse_scfis_page.html,01-raw-data/collection-reports,sse_scfis_page.html,.html,27.4,report_or_diagnostic,可归档：阶段报告或诊断文件，主线不直接依赖
01-raw-data/collection-reports/sse_scfis_script_0.js,01-raw-data/collection-reports,sse_scfis_script_0.js,.js,1.0,report_or_diagnostic,可归档：阶段报告或诊断文件，主线不直接依赖
01-raw-data/collection-reports/sse_scfis_script_1.js,01-raw-data/collection-reports,sse_scfis_script_1.js,.js,137.6,report_or_diagnostic,可归档：阶段报告或诊断文件，主线不直接依赖
01-raw-data/collection-reports/sse_scfis_script_2.js,01-raw-data/collection-reports,sse_scfis_script_2.js,.js,8.8,report_or_diagnostic,可归档：阶段报告或诊断文件，主线不直接依赖
01-raw-data/collection-reports/sse_scfis_script_3.js,01-raw-data/collection-reports,sse_scfis_script_3.js,.js,0.7,report_or_diagnostic,可归档：阶段报告或诊断文件，主线不直接依赖
01-raw-data/collection-reports/sse_scfis_table_0.csv,01-raw-data/collection-reports,sse_scfis_table_0.csv,.csv,0.1,report_or_diagnostic,可归档：阶段报告或诊断文件，主线不直接依赖
01-raw-data/collection-reports/sse_scfis_table_1.csv,01-raw-data/collection-reports,sse_scfis_table_1.csv,.csv,0.0,report_or_diagnostic,可归档：阶段报告或诊断文件，主线不直接依赖
01-raw-data/collection-reports/sse_single_ccfi_2026-03-20.html,01-raw-data/collection-reports,sse_single_ccfi_2026-03-20.html,.html,30.1,report_or_diagnostic,可归档：阶段报告或诊断文件，主线不直接依赖
01-raw-data/collection-reports/sse_single_ccfi_2026-03-20_table_0.csv,01-raw-data/collection-reports,sse_single_ccfi_2026-03-20_table_0.csv,.csv,0.6,report_or_diagnostic,可归档：阶段报告或诊断文件，主线不直接依赖
01-raw-data/collection-reports/sse_single_ccfi_2026-04-17.html,01-raw-data/collection-reports,sse_single_ccfi_2026-04-17.html,.html,30.1,report_or_diagnostic,可归档：阶段报告或诊断文件，主线不直接依赖
01-raw-data/collection-reports/sse_single_ccfi_2026-04-17_table_0.csv,01-raw-data/collection-reports,sse_single_ccfi_2026-04-17_table_0.csv,.csv,0.6,report_or_diagnostic,可归档：阶段报告或诊断文件，主线不直接依赖
01-raw-data/collection-reports/sse_single_ccfi_2026-05-15.html,01-raw-data/collection-reports,sse_single_ccfi_2026-05-15.html,.html,30.1,report_or_diagnostic,可归档：阶段报告或诊断文件，主线不直接依赖
01-raw-data/collection-reports/sse_single_ccfi_2026-05-15_table_0.csv,01-raw-data/collection-reports,sse_single_ccfi_2026-05-15_table_0.csv,.csv,0.8,report_or_diagnostic,可归档：阶段报告或诊断文件，主线不直接依赖
01-raw-data/collection-reports/sse_single_ccfi_2026-05-22.html,01-raw-data/collection-reports,sse_single_ccfi_2026-05-22.html,.html,30.1,report_or_diagnostic,可归档：阶段报告或诊断文件，主线不直接依赖
01-raw-data/collection-reports/sse_single_ccfi_2026-05-22_table_0.csv,01-raw-data/collection-reports,sse_single_ccfi_2026-05-22_table_0.csv,.csv,0.8,report_or_diagnostic,可归档：阶段报告或诊断文件，主线不直接依赖
01-raw-data/collection-reports/sse_single_scfi_2026-03-20.html,01-raw-data/collection-reports,sse_single_scfi_2026-03-20.html,.html,33.7,report_or_diagnostic,可归档：阶段报告或诊断文件，主线不直接依赖
01-raw-data/collection-reports/sse_single_scfi_2026-03-20_table_0.csv,01-raw-data/collection-reports,sse_single_scfi_2026-03-20_table_0.csv,.csv,1.0,report_or_diagnostic,可归档：阶段报告或诊断文件，主线不直接依赖
01-raw-data/collection-reports/sse_single_scfi_2026-04-17.html,01-raw-data/collection-reports,sse_single_scfi_2026-04-17.html,.html,33.7,report_or_diagnostic,可归档：阶段报告或诊断文件，主线不直接依赖
01-raw-data/collection-reports/sse_single_scfi_2026-04-17_table_0.csv,01-raw-data/collection-reports,sse_single_scfi_2026-04-17_table_0.csv,.csv,1.0,report_or_diagnostic,可归档：阶段报告或诊断文件，主线不直接依赖
01-raw-data/collection-reports/sse_single_scfi_2026-05-15.html,01-raw-data/collection-reports,sse_single_scfi_2026-05-15.html,.html,34.2,report_or_diagnostic,可归档：阶段报告或诊断文件，主线不直接依赖
01-raw-data/collection-reports/sse_single_scfi_2026-05-15_table_0.csv,01-raw-data/collection-reports,sse_single_scfi_2026-05-15_table_0.csv,.csv,1.1,report_or_diagnostic,可归档：阶段报告或诊断文件，主线不直接依赖
01-raw-data/collection-reports/sse_single_scfi_2026-05-22.html,01-raw-data/collection-reports,sse_single_scfi_2026-05-22.html,.html,34.2,report_or_diagnostic,可归档：阶段报告或诊断文件，主线不直接依赖
01-raw-data/collection-reports/sse_single_scfi_2026-05-22_table_0.csv,01-raw-data/collection-reports,sse_single_scfi_2026-05-22_table_0.csv,.csv,1.1,report_or_diagnostic,可归档：阶段报告或诊断文件，主线不直接依赖
01-raw-data/collection-reports/sse_single_scfis_2026-03-20.html,01-raw-data/collection-reports,sse_single_scfis_2026-03-20.html,.html,27.6,report_or_diagnostic,可归档：阶段报告或诊断文件，主线不直接依赖
01-raw-data/collection-reports/sse_single_scfis_2026-03-20_table_0.csv,01-raw-data/collection-reports,sse_single_scfis_2026-03-20_table_0.csv,.csv,0.2,report_or_diagnostic,可归档：阶段报告或诊断文件，主线不直接依赖
01-raw-data/collection-reports/sse_single_scfis_2026-04-17.html,01-raw-data/collection-reports,sse_single_scfis_2026-04-17.html,.html,27.6,report_or_diagnostic,可归档：阶段报告或诊断文件，主线不直接依赖
01-raw-data/collection-reports/sse_single_scfis_2026-04-17_table_0.csv,01-raw-data/collection-reports,sse_single_scfis_2026-04-17_table_0.csv,.csv,0.2,report_or_diagnostic,可归档：阶段报告或诊断文件，主线不直接依赖
01-raw-data/collection-reports/sse_single_scfis_2026-05-15.html,01-raw-data/collection-reports,sse_single_scfis_2026-05-15.html,.html,27.6,report_or_diagnostic,可归档：阶段报告或诊断文件，主线不直接依赖
01-raw-data/collection-reports/sse_single_scfis_2026-05-15_table_0.csv,01-raw-data/collection-reports,sse_single_scfis_2026-05-15_table_0.csv,.csv,0.2,report_or_diagnostic,可归档：阶段报告或诊断文件，主线不直接依赖
01-raw-data/collection-reports/sse_single_scfis_2026-05-22.html,01-raw-data/collection-reports,sse_single_scfis_2026-05-22.html,.html,27.6,report_or_diagnostic,可归档：阶段报告或诊断文件，主线不直接依赖
01-raw-data/collection-reports/sse_single_scfis_2026-05-22_table_0.csv,01-raw-data/collection-reports,sse_single_scfis_2026-05-22_table_0.csv,.csv,0.2,report_or_diagnostic,可归档：阶段报告或诊断文件，主线不直接依赖
01-raw-data/collection-reports/sse列表表格解析摘要.csv,01-raw-data/collection-reports,sse列表表格解析摘要.csv,.csv,0.9,report_or_diagnostic,可归档：阶段报告或诊断文件，主线不直接依赖
01-raw-data/collection-reports/sse单期公开查询探测.csv,01-raw-data/collection-reports,sse单期公开查询探测.csv,.csv,1.4,report_or_diagnostic,可归档：阶段报告或诊断文件，主线不直接依赖
01-raw-data/collection-reports/sse单期查询测试.csv,01-raw-data/collection-reports,sse单期查询测试.csv,.csv,0.7,report_or_diagnostic,可归档：阶段报告或诊断文件，主线不直接依赖
01-raw-data/collection-reports/sse单期逐周抓取日志.csv,01-raw-data/collection-reports,sse单期逐周抓取日志.csv,.csv,5.1,report_or_diagnostic,可归档：阶段报告或诊断文件，主线不直接依赖
01-raw-data/collection-reports/sse多期页面测试.csv,01-raw-data/collection-reports,sse多期页面测试.csv,.csv,0.1,report_or_diagnostic,可归档：阶段报告或诊断文件，主线不直接依赖
01-raw-data/collection-reports/sse页面接口探查.csv,01-raw-data/collection-reports,sse页面接口探查.csv,.csv,5.9,report_or_diagnostic,可归档：阶段报告或诊断文件，主线不直接依赖
01-raw-data/collection-reports/公开数据补采续执行报告.md,01-raw-data/collection-reports,公开数据补采续执行报告.md,.md,7.4,report_or_diagnostic,保留：当前说明/清单
01-raw-data/collection-reports/备用行情源采集结果.csv,01-raw-data/collection-reports,备用行情源采集结果.csv,.csv,2.4,report_or_diagnostic,可归档：阶段报告或诊断文件，主线不直接依赖
01-raw-data/collection-reports/完整数据采集执行报告.csv,01-raw-data/collection-reports,完整数据采集执行报告.csv,.csv,6.7,report_or_diagnostic,可归档：阶段报告或诊断文件，主线不直接依赖
01-raw-data/collection-reports/完整数据采集执行报告.md,01-raw-data/collection-reports,完整数据采集执行报告.md,.md,8.7,report_or_diagnostic,可归档：阶段报告或诊断文件，主线不直接依赖
01-raw-data/collection-reports/采集接口连通性测试.csv,01-raw-data/collection-reports,采集接口连通性测试.csv,.csv,0.8,report_or_diagnostic,可归档：阶段报告或诊断文件，主线不直接依赖
01-raw-data/collection-reports/diagnostics/fx-brent-source-probe.csv,01-raw-data/collection-reports/diagnostics,fx-brent-source-probe.csv,.csv,1.5,report_or_diagnostic,可归档：阶段报告或诊断文件，主线不直接依赖
01-raw-data/collection-reports/drafts/brent-source-findings.md,01-raw-data/collection-reports/drafts,brent-source-findings.md,.md,8.9,report_or_diagnostic,可归档：阶段报告或诊断文件，主线不直接依赖
01-raw-data/collection-reports/drafts/carrier-announcement-source-findings.md,01-raw-data/collection-reports/drafts,carrier-announcement-source-findings.md,.md,13.7,report_or_diagnostic,可归档：阶段报告或诊断文件，主线不直接依赖
01-raw-data/collection-reports/drafts/exchange-rate-source-findings.md,01-raw-data/collection-reports/drafts,exchange-rate-source-findings.md,.md,11.4,report_or_diagnostic,可归档：阶段报告或诊断文件，主线不直接依赖
01-raw-data/collection-reports/drafts/freight-index-source-findings.md,01-raw-data/collection-reports/drafts,freight-index-source-findings.md,.md,16.5,report_or_diagnostic,可归档：阶段报告或诊断文件，主线不直接依赖
